2025-11-25 18:58:48,986 - Knowledge - INFO - Created shared MongoDB connection pool
2025-11-25 18:58:48,988 - Knowledge - INFO - Starting Knowledge Graph processing with 20 threads
2025-11-25 18:58:48,988 - Knowledge - INFO - Initial configuration: chunk_size=65536, max_cache_size=500
2025-11-25 18:58:48,988 - Knowledge - INFO - Knowledge Graph concurrency configuration: workers=20, max_batch_size=25, max_concurrent_llm_calls=50
2025-11-25 18:58:50,085 - Knowledge - INFO - 🔍 _load_persisted_knowledge called - checking for Redis optimization
2025-11-25 18:58:50,086 - Knowledge - WARNING - ❌ load_from_redis method not found - Redis support not attached
2025-11-25 18:58:50,086 - Knowledge - INFO - load persisted knowledge: begin
2025-11-25 18:58:50,086 - Knowledge - INFO - Loaded 0 files from persisted knowledge
2025-11-25 18:58:50,086 - Knowledge - INFO - load persisted knowledge: end
2025-11-25 18:58:50,087 - Knowledge - WARNING - No persisted knowledge found. Files will be queued during start()
2025-11-25 18:58:50,087 - Knowledge - INFO - 🔧 add_redis_support_to_knowledge called - knowledge_instance.id: kJ7RmD-b676358, build_ids: ['b676358']
2025-11-25 18:58:50,087 - Knowledge - INFO - 🔧 Using build_ids[0] for Redis prefix: b676358
2025-11-25 18:58:50,087 - Knowledge - INFO - 🔧 Redis prefix set to: knowledge:b676358:
2025-11-25 18:58:50,088 - Knowledge - INFO - 🔧 Redis support added - prefix: knowledge:b676358:, stored build_ids: ['b676358']
2025-11-25 18:58:50,088 - Knowledge - INFO - Redis support added with prefix knowledge:b676358:
2025-11-25 18:58:50,098 - Knowledge - INFO - Starting knowledge initialization for ID: kJ7RmD-b676358
2025-11-25 18:58:50,098 - Knowledge - INFO - 🔍 Checking Redis for build_id: b676358
2025-11-25 18:58:50,099 - Knowledge - INFO - 🔍 Full session ID: kJ7RmD-b676358
2025-11-25 18:58:50,099 - Knowledge - INFO - 🔍 Redis prefix will be: knowledge:b676358:
2025-11-25 18:58:50,099 - Knowledge - INFO - 🔍 Using attached load_from_redis() method
2025-11-25 18:58:50,099 - Knowledge - INFO - 🔍 Attempting to load knowledge from Redis...
2025-11-25 18:58:50,099 - Knowledge - INFO - 🔍 Using build_ids for Redis lookup: ['b676358']
2025-11-25 18:58:50,099 - Knowledge - INFO - 🔍 GETTING FROM REDIS - Requested IDs: ['b676358']
2025-11-25 18:58:50,099 - Knowledge - INFO - 🔍 GETTING FROM REDIS - ID: b676358, Prefix: knowledge:b676358:
2025-11-25 18:58:50,117 - Knowledge - WARNING - ❌ NO DATA FOUND in Redis for IDs: ['b676358'], Prefixes tried: ['knowledge:b676358:']
2025-11-25 18:58:50,117 - Knowledge - WARNING - ❌ No Redis cache found
2025-11-25 18:58:50,117 - Knowledge - INFO - 🔍 GETTING FROM REDIS - Requested IDs: ['b676358']
2025-11-25 18:58:50,117 - Knowledge - INFO - 🔍 GETTING FROM REDIS - ID: b676358, Prefix: knowledge:b676358:
2025-11-25 18:58:50,127 - Knowledge - WARNING - ❌ NO DATA FOUND in Redis for IDs: ['b676358'], Prefixes tried: ['knowledge:b676358:']
2025-11-25 18:58:50,127 - Knowledge - INFO - 📁 Loading knowledge from disk...
2025-11-25 18:58:50,148 - Knowledge - INFO - load persisted docinfo: begin
2025-11-25 18:58:50,149 - Knowledge - INFO - load persisted docinfo: end
2025-11-25 18:58:50,149 - Knowledge - INFO - 🔍 _load_persisted_knowledge called - checking for Redis optimization
2025-11-25 18:58:50,149 - Knowledge - INFO - ✅ load_from_redis method found - attempting Redis load
2025-11-25 18:58:50,150 - Knowledge - INFO - 🔍 Attempting to load knowledge from Redis...
2025-11-25 18:58:50,150 - Knowledge - INFO - 🔍 Using build_ids for Redis lookup: ['b676358']
2025-11-25 18:58:50,150 - Knowledge - INFO - 🔍 GETTING FROM REDIS - Requested IDs: ['b676358']
2025-11-25 18:58:50,150 - Knowledge - INFO - 🔍 GETTING FROM REDIS - ID: b676358, Prefix: knowledge:b676358:
2025-11-25 18:58:50,159 - Knowledge - WARNING - ❌ NO DATA FOUND in Redis for IDs: ['b676358'], Prefixes tried: ['knowledge:b676358:']
2025-11-25 18:58:50,159 - Knowledge - WARNING - ❌ No Redis cache found
2025-11-25 18:58:50,159 - Knowledge - INFO - ❌ Redis load returned False - falling back to file loading
2025-11-25 18:58:50,159 - Knowledge - INFO - load persisted knowledge: begin
2025-11-25 18:58:50,159 - Knowledge - INFO - Loaded 0 files from persisted knowledge
2025-11-25 18:58:50,159 - Knowledge - INFO - load persisted knowledge: end
2025-11-25 18:58:50,159 - Knowledge - INFO - 📁 Disk load complete in 0.03s
2025-11-25 18:58:50,160 - Knowledge - INFO - Populating ingest queue with source files...
2025-11-25 18:58:50,163 - Knowledge - INFO - Added 126 files from /Users/veera/Documents/kavia-backend/graphnode-backend-api/data/rdk7542/411/b676358/entservices-peripherals-411 to ingest queue
2025-11-25 18:58:50,163 - Knowledge - INFO - Worker kw1 created using shared MongoDB connection pool
2025-11-25 18:58:50,163 - Knowledge - INFO - knowledge worker kw1 start
2025-11-25 18:58:50,163 - Knowledge - INFO - [kw1] Queue=126, InProgress=0, PendingWorkers=0/0, Completed=0/126 (0.0%)
2025-11-25 18:58:50,163 - Knowledge - INFO - Batch sizing: calculated=12, max_allowed=25, queue=126, active_workers=0/0
2025-11-25 18:58:50,163 - Knowledge - INFO - Worker kw2 created using shared MongoDB connection pool
2025-11-25 18:58:50,163 - Knowledge - INFO - knowledge worker kw2 start
2025-11-25 18:58:50,164 - Knowledge - INFO - [kw2] Queue=114, InProgress=0, PendingWorkers=1/1, Completed=0/126 (0.0%)
2025-11-25 18:58:50,164 - Knowledge - INFO - Batch sizing: calculated=12, max_allowed=25, queue=114, active_workers=1/1
2025-11-25 18:58:50,164 - Knowledge - INFO - Worker kw1 processing /Users/veera/Documents/kavia-backend/graphnode-backend-api/data/rdk7542/411/b676358/entservices-peripherals-411/LEDControl/LEDControlImplementation.h
2025-11-25 18:58:50,164 - Knowledge - INFO - Worker kw3 created using shared MongoDB connection pool
2025-11-25 18:58:50,164 - Knowledge - INFO - knowledge worker kw3 start
2025-11-25 18:58:50,164 - Knowledge - INFO - Worker kw2 processing /Users/veera/Documents/kavia-backend/graphnode-backend-api/data/rdk7542/411/b676358/entservices-peripherals-411/VoiceControl/README.md
2025-11-25 18:58:50,164 - Knowledge - INFO - Worker kw4 created using shared MongoDB connection pool
2025-11-25 18:58:50,164 - Knowledge - INFO - knowledge worker kw4 start
2025-11-25 18:58:50,164 - Knowledge - INFO - Fast-tracked /Users/veera/Documents/kavia-backend/graphnode-backend-api/data/rdk7542/411/b676358/entservices-peripherals-411/VoiceControl/README.md (ext=.md, size=490)
2025-11-25 18:58:50,164 - Knowledge - INFO - Worker kw2 processing /Users/veera/Documents/kavia-backend/graphnode-backend-api/data/rdk7542/411/b676358/entservices-peripherals-411/VoiceControl/VoiceControl.h
2025-11-25 18:58:50,164 - Knowledge - INFO - Worker kw5 created using shared MongoDB connection pool
2025-11-25 18:58:50,164 - Knowledge - INFO - knowledge worker kw5 start
2025-11-25 18:58:50,164 - Knowledge - INFO - [kw5] Queue=102, InProgress=0, PendingWorkers=2/4, Completed=0/126 (0.0%)
2025-11-25 18:58:50,164 - Knowledge - INFO - Batch sizing: calculated=12, max_allowed=25, queue=102, active_workers=2/4
2025-11-25 18:58:50,165 - Knowledge - INFO - Worker kw6 created using shared MongoDB connection pool
2025-11-25 18:58:50,165 - Knowledge - INFO - knowledge worker kw6 start
2025-11-25 18:58:50,165 - Knowledge - INFO - [kw6] Queue=90, InProgress=0, PendingWorkers=3/5, Completed=0/126 (0.0%)
2025-11-25 18:58:50,165 - Knowledge - INFO - Batch sizing: calculated=10, max_allowed=25, queue=90, active_workers=3/5
2025-11-25 18:58:50,165 - Knowledge - INFO - [kw3] Queue=80, InProgress=0, PendingWorkers=3/5, Completed=0/126 (0.0%)
2025-11-25 18:58:50,165 - Knowledge - INFO - Batch sizing: calculated=10, max_allowed=25, queue=80, active_workers=3/5
2025-11-25 18:58:50,165 - Knowledge - INFO - Worker kw1 processing /Users/veera/Documents/kavia-backend/graphnode-backend-api/data/rdk7542/411/b676358/entservices-peripherals-411/LEDControl/CMakeLists.txt
2025-11-25 18:58:50,165 - Knowledge - INFO - Worker kw5 processing /Users/veera/Documents/kavia-backend/graphnode-backend-api/data/rdk7542/411/b676358/entservices-peripherals-411/cmake/FindNEXUS.cmake
2025-11-25 18:58:50,165 - Knowledge - INFO - Worker kw7 created using shared MongoDB connection pool
2025-11-25 18:58:50,165 - Knowledge - INFO - knowledge worker kw7 start
2025-11-25 18:58:50,165 - Knowledge - INFO - Fast-tracked /Users/veera/Documents/kavia-backend/graphnode-backend-api/data/rdk7542/411/b676358/entservices-peripherals-411/LEDControl/CMakeLists.txt (ext=.txt, size=3407)
2025-11-25 18:58:50,165 - Knowledge - INFO - Worker kw1 processing /Users/veera/Documents/kavia-backend/graphnode-backend-api/data/rdk7542/411/b676358/entservices-peripherals-411/LEDControl/CHANGELOG.md
2025-11-25 18:58:50,165 - Knowledge - INFO - Worker kw8 created using shared MongoDB connection pool
2025-11-25 18:58:50,165 - Knowledge - INFO - knowledge worker kw8 start
2025-11-25 18:58:50,165 - Knowledge - INFO - [kw4] Queue=70, InProgress=0, PendingWorkers=5/7, Completed=0/126 (0.0%)
2025-11-25 18:58:50,165 - Knowledge - INFO - Batch sizing: calculated=10, max_allowed=25, queue=70, active_workers=5/7
2025-11-25 18:58:50,165 - Knowledge - INFO - [kw7] Queue=60, InProgress=0, PendingWorkers=6/7, Completed=0/126 (0.0%)
2025-11-25 18:58:50,166 - Knowledge - INFO - Batch sizing: calculated=10, max_allowed=25, queue=60, active_workers=6/7
2025-11-25 18:58:50,166 - Knowledge - INFO - Worker kw2 processing /Users/veera/Documents/kavia-backend/graphnode-backend-api/data/rdk7542/411/b676358/entservices-peripherals-411/VoiceControl/Module.h
2025-11-25 18:58:50,166 - Knowledge - INFO - Worker kw9 created using shared MongoDB connection pool
2025-11-25 18:58:50,166 - Knowledge - INFO - knowledge worker kw9 start
2025-11-25 18:58:50,166 - Knowledge - INFO - Worker kw3 processing /Users/veera/Documents/kavia-backend/graphnode-backend-api/data/rdk7542/411/b676358/entservices-peripherals-411/Tests/L1Tests/CMakeLists.txt
2025-11-25 18:58:50,166 - Knowledge - INFO - Fast-tracked /Users/veera/Documents/kavia-backend/graphnode-backend-api/data/rdk7542/411/b676358/entservices-peripherals-411/LEDControl/CHANGELOG.md (ext=.md, size=1063)
2025-11-25 18:58:50,166 - Knowledge - INFO - Worker kw1 processing /Users/veera/Documents/kavia-backend/graphnode-backend-api/data/rdk7542/411/b676358/entservices-peripherals-411/LEDControl/Module.cpp
2025-11-25 18:58:50,166 - Knowledge - INFO - Worker kw5 processing /Users/veera/Documents/kavia-backend/graphnode-backend-api/data/rdk7542/411/b676358/entservices-peripherals-411/cmake/FindSqliteSee.cmake
2025-11-25 18:58:50,166 - Knowledge - INFO - [kw8] Queue=50, InProgress=0, PendingWorkers=7/8, Completed=0/126 (0.0%)
2025-11-25 18:58:50,166 - Knowledge - INFO - Batch sizing: calculated=10, max_allowed=25, queue=50, active_workers=7/8
2025-11-25 18:58:50,166 - Knowledge - INFO - Fast-tracked /Users/veera/Documents/kavia-backend/graphnode-backend-api/data/rdk7542/411/b676358/entservices-peripherals-411/Tests/L1Tests/CMakeLists.txt (ext=.txt, size=5328)
2025-11-25 18:58:50,166 - Knowledge - INFO - Worker kw3 processing /Users/veera/Documents/kavia-backend/graphnode-backend-api/data/rdk7542/411/b676358/entservices-peripherals-411/Tests/L1Tests/tests/test_MotionDetection.cpp
2025-11-25 18:58:50,166 - Knowledge - INFO - Worker kw10 created using shared MongoDB connection pool
2025-11-25 18:58:50,166 - Knowledge - INFO - [kw9] Queue=40, InProgress=0, PendingWorkers=8/9, Completed=0/126 (0.0%)
2025-11-25 18:58:50,166 - Knowledge - INFO - Batch sizing: calculated=10, max_allowed=25, queue=40, active_workers=8/9
2025-11-25 18:58:50,166 - Knowledge - INFO - Fast-tracked /Users/veera/Documents/kavia-backend/graphnode-backend-api/data/rdk7542/411/b676358/entservices-peripherals-411/LEDControl/Module.cpp (ext=.cpp, size=765)
2025-11-25 18:58:50,166 - Knowledge - INFO - Worker kw1 processing /Users/veera/Documents/kavia-backend/graphnode-backend-api/data/rdk7542/411/b676358/entservices-peripherals-411/LEDControl/LEDControlImplementation.cpp
2025-11-25 18:58:50,166 - Knowledge - INFO - Fast-tracked /Users/veera/Documents/kavia-backend/graphnode-backend-api/data/rdk7542/411/b676358/entservices-peripherals-411/VoiceControl/Module.h (ext=.h, size=869)
2025-11-25 18:58:50,166 - Knowledge - INFO - Worker kw2 processing /Users/veera/Documents/kavia-backend/graphnode-backend-api/data/rdk7542/411/b676358/entservices-peripherals-411/CMakeLists.txt
2025-11-25 18:58:50,167 - Knowledge - INFO - knowledge worker kw10 start
2025-11-25 18:58:50,167 - Knowledge - INFO - [kw10] Queue=30, InProgress=0, PendingWorkers=9/9, Completed=0/126 (0.0%)
2025-11-25 18:58:50,167 - Knowledge - INFO - Batch sizing: calculated=10, max_allowed=25, queue=30, active_workers=9/9
2025-11-25 18:58:50,167 - Knowledge - INFO - Worker kw4 processing /Users/veera/Documents/kavia-backend/graphnode-backend-api/data/rdk7542/411/b676358/entservices-peripherals-411/MotionDetection/Module.h
2025-11-25 18:58:50,167 - Knowledge - INFO - Worker kw11 created using shared MongoDB connection pool
2025-11-25 18:58:50,167 - Knowledge - INFO - Worker kw1 processing /Users/veera/Documents/kavia-backend/graphnode-backend-api/data/rdk7542/411/b676358/entservices-peripherals-411/LEDControl/LEDControl.h
2025-11-25 18:58:50,167 - Knowledge - INFO - Fast-tracked /Users/veera/Documents/kavia-backend/graphnode-backend-api/data/rdk7542/411/b676358/entservices-peripherals-411/CMakeLists.txt (ext=.txt, size=2395)
2025-11-25 18:58:50,167 - Knowledge - INFO - Worker kw2 processing /Users/veera/Documents/kavia-backend/graphnode-backend-api/data/rdk7542/411/b676358/entservices-peripherals-411/cmake/FindAamp.cmake
2025-11-25 18:58:50,167 - Knowledge - INFO - Fast-tracked /Users/veera/Documents/kavia-backend/graphnode-backend-api/data/rdk7542/411/b676358/entservices-peripherals-411/cmake/FindSqliteSee.cmake (ext=.cmake, size=774)
2025-11-25 18:58:50,167 - Knowledge - INFO - Worker kw5 processing /Users/veera/Documents/kavia-backend/graphnode-backend-api/data/rdk7542/411/b676358/entservices-peripherals-411/cmake/FindGStreamerVideo.cmake
2025-11-25 18:58:50,167 - Knowledge - INFO - knowledge worker kw11 start
2025-11-25 18:58:50,167 - Knowledge - INFO - Worker kw2 processing /Users/veera/Documents/kavia-backend/graphnode-backend-api/data/rdk7542/411/b676358/entservices-peripherals-411/cmake/FindPlabels.cmake
2025-11-25 18:58:50,167 - Knowledge - INFO - Worker kw12 created using shared MongoDB connection pool
2025-11-25 18:58:50,167 - Knowledge - INFO - knowledge worker kw12 start
2025-11-25 18:58:50,167 - Knowledge - INFO - Worker kw5 processing /Users/veera/Documents/kavia-backend/graphnode-backend-api/data/rdk7542/411/b676358/entservices-peripherals-411/cmake/FindSqlite.cmake
2025-11-25 18:58:50,167 - Knowledge - INFO - Fast-tracked /Users/veera/Documents/kavia-backend/graphnode-backend-api/data/rdk7542/411/b676358/entservices-peripherals-411/cmake/FindSqlite.cmake (ext=.cmake, size=771)
2025-11-25 18:58:50,167 - Knowledge - INFO - Worker kw5 processing /Users/veera/Documents/kavia-backend/graphnode-backend-api/data/rdk7542/411/b676358/entservices-peripherals-411/cmake/FindBCM_HOST.cmake
2025-11-25 18:58:50,167 - Knowledge - INFO - [kw11] Queue=20, InProgress=0, PendingWorkers=10/11, Completed=0/126 (0.0%)
2025-11-25 18:58:50,168 - Knowledge - INFO - Batch sizing: calculated=10, max_allowed=25, queue=20, active_workers=10/11
2025-11-25 18:58:50,168 - Knowledge - INFO - Worker kw9 processing /Users/veera/Documents/kavia-backend/graphnode-backend-api/data/rdk7542/411/b676358/entservices-peripherals-411/helpers/UtilsSearchRDKProfile.h
2025-11-25 18:58:50,168 - Knowledge - INFO - Fast-tracked /Users/veera/Documents/kavia-backend/graphnode-backend-api/data/rdk7542/411/b676358/entservices-peripherals-411/MotionDetection/Module.h (ext=.h, size=1012)
2025-11-25 18:58:50,168 - Knowledge - INFO - Worker kw4 processing /Users/veera/Documents/kavia-backend/graphnode-backend-api/data/rdk7542/411/b676358/entservices-peripherals-411/README.md
2025-11-25 18:58:50,168 - Knowledge - INFO - Worker kw13 created using shared MongoDB connection pool
2025-11-25 18:58:50,168 - Knowledge - INFO - knowledge worker kw13 start
2025-11-25 18:58:50,168 - Knowledge - INFO - [kw13] Queue=10, InProgress=0, PendingWorkers=11/12, Completed=0/126 (0.0%)
2025-11-25 18:58:50,168 - Knowledge - INFO - Batch sizing: calculated=10, max_allowed=25, queue=10, active_workers=11/12
2025-11-25 18:58:50,168 - Knowledge - INFO - Fast-tracked /Users/veera/Documents/kavia-backend/graphnode-backend-api/data/rdk7542/411/b676358/entservices-peripherals-411/README.md (ext=.md, size=70)
2025-11-25 18:58:50,168 - Knowledge - INFO - Worker kw4 processing /Users/veera/Documents/kavia-backend/graphnode-backend-api/data/rdk7542/411/b676358/entservices-peripherals-411/services.cmake
2025-11-25 18:58:50,168 - Knowledge - INFO - Worker kw1 processing /Users/veera/Documents/kavia-backend/graphnode-backend-api/data/rdk7542/411/b676358/entservices-peripherals-411/LEDControl/LEDControl.cpp
2025-11-25 18:58:50,174 - Knowledge - INFO - Worker kw9 processing /Users/veera/Documents/kavia-backend/graphnode-backend-api/data/rdk7542/411/b676358/entservices-peripherals-411/helpers/tptimer.h
2025-11-25 18:58:50,174 - Knowledge - INFO - Worker kw9 processing /Users/veera/Documents/kavia-backend/graphnode-backend-api/data/rdk7542/411/b676358/entservices-peripherals-411/helpers/UtilsThreadRAII.h
2025-11-25 18:58:50,174 - Knowledge - INFO - Worker kw14 created using shared MongoDB connection pool
2025-11-25 18:58:50,180 - Knowledge - INFO - knowledge worker kw14 start
2025-11-25 18:58:50,180 - Knowledge - INFO - Fast-tracked /Users/veera/Documents/kavia-backend/graphnode-backend-api/data/rdk7542/411/b676358/entservices-peripherals-411/cmake/FindPlabels.cmake (ext=.cmake, size=1051)
2025-11-25 18:58:50,180 - Knowledge - INFO - Worker kw2 processing /Users/veera/Documents/kavia-backend/graphnode-backend-api/data/rdk7542/411/b676358/entservices-peripherals-411/cmake/FindCTRLM.cmake
2025-11-25 18:58:50,180 - Knowledge - INFO - Fast-tracked /Users/veera/Documents/kavia-backend/graphnode-backend-api/data/rdk7542/411/b676358/entservices-peripherals-411/cmake/FindCTRLM.cmake (ext=.cmake, size=1245)
2025-11-25 18:58:50,180 - Knowledge - INFO - Worker kw2 processing /Users/veera/Documents/kavia-backend/graphnode-backend-api/data/rdk7542/411/b676358/entservices-peripherals-411/cmake/FindNopoll.cmake
2025-11-25 18:58:50,180 - Knowledge - INFO - Fast-tracked /Users/veera/Documents/kavia-backend/graphnode-backend-api/data/rdk7542/411/b676358/entservices-peripherals-411/helpers/UtilsThreadRAII.h (ext=.h, size=1417)
2025-11-25 18:58:50,180 - Knowledge - INFO - Worker kw9 processing /Users/veera/Documents/kavia-backend/graphnode-backend-api/data/rdk7542/411/b676358/entservices-peripherals-411/helpers/UtilsCStr.h
2025-11-25 18:58:50,180 - Knowledge - INFO - Worker kw10 processing /Users/veera/Documents/kavia-backend/graphnode-backend-api/data/rdk7542/411/b676358/entservices-peripherals-411/helpers/WebSockets/JsonRpc/Response.h
2025-11-25 18:58:50,180 - Knowledge - INFO - Worker kw6 processing /Users/veera/Documents/kavia-backend/graphnode-backend-api/data/rdk7542/411/b676358/entservices-peripherals-411/cmake/FindCEC.cmake
2025-11-25 18:58:50,180 - Knowledge - INFO - Fast-tracked /Users/veera/Documents/kavia-backend/graphnode-backend-api/data/rdk7542/411/b676358/entservices-peripherals-411/cmake/FindCEC.cmake (ext=.cmake, size=1947)
2025-11-25 18:58:50,180 - Knowledge - INFO - Worker kw4 processing /Users/veera/Documents/kavia-backend/graphnode-backend-api/data/rdk7542/411/b676358/entservices-peripherals-411/FrontPanel/FrontPanelImplementation.h
2025-11-25 18:58:50,180 - Knowledge - INFO - Worker kw1 processing /Users/veera/Documents/kavia-backend/graphnode-backend-api/data/rdk7542/411/b676358/entservices-peripherals-411/LEDControl/Module.h
2025-11-25 18:58:50,180 - Knowledge - INFO - Worker kw8 processing /Users/veera/Documents/kavia-backend/graphnode-backend-api/data/rdk7542/411/b676358/entservices-peripherals-411/RemoteControl/RemoteControl.cpp
2025-11-25 18:58:50,180 - Knowledge - INFO - Worker kw13 processing /Users/veera/Documents/kavia-backend/graphnode-backend-api/data/rdk7542/411/b676358/entservices-peripherals-411/helpers/PluginInterfaceBuilder.h
2025-11-25 18:58:50,180 - Knowledge - INFO - Worker kw15 created using shared MongoDB connection pool
2025-11-25 18:58:50,180 - Knowledge - INFO - Fast-tracked /Users/veera/Documents/kavia-backend/graphnode-backend-api/data/rdk7542/411/b676358/entservices-peripherals-411/helpers/UtilsCStr.h (ext=.h, size=746)
2025-11-25 18:58:50,180 - Knowledge - INFO - Fast-tracked /Users/veera/Documents/kavia-backend/graphnode-backend-api/data/rdk7542/411/b676358/entservices-peripherals-411/Tests/L1Tests/tests/test_MotionDetection.cpp (ext=.cpp, size=13994)
2025-11-25 18:58:50,180 - Knowledge - INFO - Worker kw7 processing /Users/veera/Documents/kavia-backend/graphnode-backend-api/data/rdk7542/411/b676358/entservices-peripherals-411/FrontPanel/Module.h
2025-11-25 18:58:50,180 - Knowledge - INFO - Fast-tracked /Users/veera/Documents/kavia-backend/graphnode-backend-api/data/rdk7542/411/b676358/entservices-peripherals-411/helpers/WebSockets/JsonRpc/Response.h (ext=.h, size=1276)
2025-11-25 18:58:50,180 - Knowledge - INFO - Worker kw5 processing /Users/veera/Documents/kavia-backend/graphnode-backend-api/data/rdk7542/411/b676358/entservices-peripherals-411/cmake/FindDL.cmake
2025-11-25 18:58:50,193 - Knowledge - INFO - Worker kw11 processing /Users/veera/Documents/kavia-backend/graphnode-backend-api/data/rdk7542/411/b676358/entservices-peripherals-411/helpers/WebSockets/WSEndpoint.h
2025-11-25 18:58:50,199 - Knowledge - INFO - Worker kw6 processing /Users/veera/Documents/kavia-backend/graphnode-backend-api/data/rdk7542/411/b676358/entservices-peripherals-411/cmake/FindAC.cmake
2025-11-25 18:58:50,205 - Knowledge - INFO - Fast-tracked /Users/veera/Documents/kavia-backend/graphnode-backend-api/data/rdk7542/411/b676358/entservices-peripherals-411/cmake/FindNopoll.cmake (ext=.cmake, size=1155)
2025-11-25 18:58:50,205 - Knowledge - INFO - Worker kw4 processing /Users/veera/Documents/kavia-backend/graphnode-backend-api/data/rdk7542/411/b676358/entservices-peripherals-411/FrontPanel/FrontPanel.h
2025-11-25 18:58:50,218 - Knowledge - INFO - Fast-tracked /Users/veera/Documents/kavia-backend/graphnode-backend-api/data/rdk7542/411/b676358/entservices-peripherals-411/LEDControl/Module.h (ext=.h, size=874)
2025-11-25 18:58:50,224 - Knowledge - INFO - Worker kw13 processing /Users/veera/Documents/kavia-backend/graphnode-backend-api/data/rdk7542/411/b676358/entservices-peripherals-411/helpers/UtilsSynchro.hpp
2025-11-25 18:58:50,230 - Knowledge - INFO - Worker kw8 processing /Users/veera/Documents/kavia-backend/graphnode-backend-api/data/rdk7542/411/b676358/entservices-peripherals-411/RemoteControl/Module.h
2025-11-25 18:58:50,237 - Knowledge - INFO - knowledge worker kw15 start
2025-11-25 18:58:50,243 - Knowledge - INFO - Worker kw16 created using shared MongoDB connection pool
2025-11-25 18:58:50,249 - Knowledge - INFO - Worker kw9 processing /Users/veera/Documents/kavia-backend/graphnode-backend-api/data/rdk7542/411/b676358/entservices-peripherals-411/helpers/WebSockets/CommunicationInterface/CommandInterface.h
2025-11-25 18:58:50,249 - Knowledge - INFO - Worker kw3 processing /Users/veera/Documents/kavia-backend/graphnode-backend-api/data/rdk7542/411/b676358/entservices-peripherals-411/Tests/L1Tests/tests/test_UtilsFile.cpp
2025-11-25 18:58:50,256 - Knowledge - INFO - Fast-tracked /Users/veera/Documents/kavia-backend/graphnode-backend-api/data/rdk7542/411/b676358/entservices-peripherals-411/FrontPanel/Module.h (ext=.h, size=874)
2025-11-25 18:58:50,256 - Knowledge - INFO - Worker kw10 processing /Users/veera/Documents/kavia-backend/graphnode-backend-api/data/rdk7542/411/b676358/entservices-peripherals-411/helpers/WebSockets/JsonRpc/Notification.cpp
2025-11-25 18:58:50,275 - Knowledge - INFO - Fast-tracked /Users/veera/Documents/kavia-backend/graphnode-backend-api/data/rdk7542/411/b676358/entservices-peripherals-411/cmake/FindDL.cmake (ext=.cmake, size=796)
2025-11-25 18:58:50,275 - Knowledge - INFO - Worker kw11 processing /Users/veera/Documents/kavia-backend/graphnode-backend-api/data/rdk7542/411/b676358/entservices-peripherals-411/helpers/WebSockets/WSEndpoint.cpp
2025-11-25 18:58:50,275 - Knowledge - INFO - Fast-tracked /Users/veera/Documents/kavia-backend/graphnode-backend-api/data/rdk7542/411/b676358/entservices-peripherals-411/cmake/FindAC.cmake (ext=.cmake, size=1567)
2025-11-25 18:58:50,275 - Knowledge - INFO - Worker kw2 processing /Users/veera/Documents/kavia-backend/graphnode-backend-api/data/rdk7542/411/b676358/entservices-peripherals-411/cmake/FindLMPLAYER.cmake
2025-11-25 18:58:50,306 - Knowledge - INFO - Worker kw1 processing /Users/veera/Documents/kavia-backend/graphnode-backend-api/data/rdk7542/411/b676358/entservices-peripherals-411/VoiceControl/CMakeLists.txt
2025-11-25 18:58:50,306 - Knowledge - INFO - Worker kw4 processing /Users/veera/Documents/kavia-backend/graphnode-backend-api/data/rdk7542/411/b676358/entservices-peripherals-411/FrontPanel/CMakeLists.txt
2025-11-25 18:58:50,325 - Knowledge - INFO - Worker kw13 processing /Users/veera/Documents/kavia-backend/graphnode-backend-api/data/rdk7542/411/b676358/entservices-peripherals-411/helpers/UtilsgetRFCConfig.h
2025-11-25 18:58:50,331 - Knowledge - INFO - Fast-tracked /Users/veera/Documents/kavia-backend/graphnode-backend-api/data/rdk7542/411/b676358/entservices-peripherals-411/RemoteControl/Module.h (ext=.h, size=870)
2025-11-25 18:58:50,344 - Knowledge - INFO - knowledge worker kw16 start
2025-11-25 18:58:50,344 - Knowledge - INFO - Worker kw17 created using shared MongoDB connection pool
2025-11-25 18:58:50,350 - Knowledge - INFO - Worker kw9 processing /Users/veera/Documents/kavia-backend/graphnode-backend-api/data/rdk7542/411/b676358/entservices-peripherals-411/helpers/WebSockets/CommunicationInterface/JsonRpcInterface.h
2025-11-25 18:58:50,363 - Knowledge - INFO - Worker kw7 processing /Users/veera/Documents/kavia-backend/graphnode-backend-api/data/rdk7542/411/b676358/entservices-peripherals-411/CONTRIBUTING.md
2025-11-25 18:58:50,363 - Knowledge - INFO - Fast-tracked /Users/veera/Documents/kavia-backend/graphnode-backend-api/data/rdk7542/411/b676358/entservices-peripherals-411/Tests/L1Tests/tests/test_UtilsFile.cpp (ext=.cpp, size=1934)
2025-11-25 18:58:50,387 - Knowledge - INFO - Worker kw5 processing /Users/veera/Documents/kavia-backend/graphnode-backend-api/data/rdk7542/411/b676358/entservices-peripherals-411/cmake/FindUdev.cmake
2025-11-25 18:58:50,387 - Knowledge - INFO - Fast-tracked /Users/veera/Documents/kavia-backend/graphnode-backend-api/data/rdk7542/411/b676358/entservices-peripherals-411/helpers/WebSockets/JsonRpc/Notification.cpp (ext=.cpp, size=1518)
2025-11-25 18:58:50,387 - Knowledge - INFO - Worker kw11 processing /Users/veera/Documents/kavia-backend/graphnode-backend-api/data/rdk7542/411/b676358/entservices-peripherals-411/helpers/UtilsisValidInt.h
2025-11-25 18:58:50,387 - Knowledge - INFO - Worker kw6 processing /Users/veera/Documents/kavia-backend/graphnode-backend-api/data/rdk7542/411/b676358/entservices-peripherals-411/cmake/FindLibSoup.cmake
2025-11-25 18:58:50,394 - Knowledge - INFO - Fast-tracked /Users/veera/Documents/kavia-backend/graphnode-backend-api/data/rdk7542/411/b676358/entservices-peripherals-411/cmake/FindLMPLAYER.cmake (ext=.cmake, size=1899)
2025-11-25 18:58:50,394 - Knowledge - INFO - Fast-tracked /Users/veera/Documents/kavia-backend/graphnode-backend-api/data/rdk7542/411/b676358/entservices-peripherals-411/FrontPanel/CMakeLists.txt (ext=.txt, size=3186)
2025-11-25 18:58:50,394 - Knowledge - INFO - Worker kw8 processing /Users/veera/Documents/kavia-backend/graphnode-backend-api/data/rdk7542/411/b676358/entservices-peripherals-411/RemoteControl/RemoteControl.h
2025-11-25 18:58:50,394 - Knowledge - INFO - Fast-tracked /Users/veera/Documents/kavia-backend/graphnode-backend-api/data/rdk7542/411/b676358/entservices-peripherals-411/VoiceControl/CMakeLists.txt (ext=.txt, size=1791)
2025-11-25 18:58:50,394 - Knowledge - INFO - Fast-tracked /Users/veera/Documents/kavia-backend/graphnode-backend-api/data/rdk7542/411/b676358/entservices-peripherals-411/helpers/UtilsgetRFCConfig.h (ext=.h, size=1043)
2025-11-25 18:58:50,413 - Knowledge - INFO - knowledge worker kw17 start
2025-11-25 18:58:50,413 - Knowledge - INFO - Worker kw18 created using shared MongoDB connection pool
2025-11-25 18:58:50,419 - Knowledge - INFO - Worker kw9 processing /Users/veera/Documents/kavia-backend/graphnode-backend-api/data/rdk7542/411/b676358/entservices-peripherals-411/helpers/WebSockets/CommunicationInterface/BinaryInterface.h
2025-11-25 18:58:50,463 - Knowledge - INFO - Fast-tracked /Users/veera/Documents/kavia-backend/graphnode-backend-api/data/rdk7542/411/b676358/entservices-peripherals-411/CONTRIBUTING.md (ext=.md, size=267)
2025-11-25 18:58:50,463 - Knowledge - INFO - Worker kw3 processing /Users/veera/Documents/kavia-backend/graphnode-backend-api/data/rdk7542/411/b676358/entservices-peripherals-411/Tests/L1Tests/tests/test_FrontPanel.cpp
2025-11-25 18:58:50,475 - Knowledge - INFO - Worker kw10 processing /Users/veera/Documents/kavia-backend/graphnode-backend-api/data/rdk7542/411/b676358/entservices-peripherals-411/helpers/WebSockets/JsonRpc/Request.cpp
2025-11-25 18:58:50,475 - Knowledge - INFO - Fast-tracked /Users/veera/Documents/kavia-backend/graphnode-backend-api/data/rdk7542/411/b676358/entservices-peripherals-411/helpers/UtilsisValidInt.h (ext=.h, size=1601)
2025-11-25 18:58:50,488 - Knowledge - INFO - Fast-tracked /Users/veera/Documents/kavia-backend/graphnode-backend-api/data/rdk7542/411/b676358/entservices-peripherals-411/cmake/FindUdev.cmake (ext=.cmake, size=769)
2025-11-25 18:58:50,488 - Knowledge - INFO - Worker kw2 processing /Users/veera/Documents/kavia-backend/graphnode-backend-api/data/rdk7542/411/b676358/entservices-peripherals-411/cmake/FindCurl.cmake
2025-11-25 18:58:50,488 - Knowledge - INFO - Fast-tracked /Users/veera/Documents/kavia-backend/graphnode-backend-api/data/rdk7542/411/b676358/entservices-peripherals-411/cmake/FindLibSoup.cmake (ext=.cmake, size=1398)
2025-11-25 18:58:50,488 - Knowledge - INFO - Worker kw4 processing /Users/veera/Documents/kavia-backend/graphnode-backend-api/data/rdk7542/411/b676358/entservices-peripherals-411/FrontPanel/CHANGELOG.md
2025-11-25 18:58:50,488 - Knowledge - INFO - Worker kw8 processing /Users/veera/Documents/kavia-backend/graphnode-backend-api/data/rdk7542/411/b676358/entservices-peripherals-411/helpers/UtilsJsonRpc.h
2025-11-25 18:58:50,488 - Knowledge - INFO - Worker kw1 processing /Users/veera/Documents/kavia-backend/graphnode-backend-api/data/rdk7542/411/b676358/entservices-peripherals-411/VoiceControl/CHANGELOG.md
2025-11-25 18:58:50,494 - Knowledge - INFO - Worker kw13 processing /Users/veera/Documents/kavia-backend/graphnode-backend-api/data/rdk7542/411/b676358/entservices-peripherals-411/helpers/UtilssyncPersistFile.h
2025-11-25 18:58:50,507 - Knowledge - INFO - Fast-tracked /Users/veera/Documents/kavia-backend/graphnode-backend-api/data/rdk7542/411/b676358/entservices-peripherals-411/helpers/WebSockets/CommunicationInterface/BinaryInterface.h (ext=.h, size=1699)
2025-11-25 18:58:50,507 - Knowledge - INFO - knowledge worker kw18 start
2025-11-25 18:58:50,507 - Knowledge - INFO - Worker kw7 processing /Users/veera/Documents/kavia-backend/graphnode-backend-api/data/rdk7542/411/b676358/entservices-peripherals-411/build_dependencies.sh
2025-11-25 18:58:50,507 - Knowledge - INFO - Worker kw19 created using shared MongoDB connection pool
2025-11-25 18:58:50,507 - Knowledge - INFO - Fast-tracked /Users/veera/Documents/kavia-backend/graphnode-backend-api/data/rdk7542/411/b676358/entservices-peripherals-411/Tests/L1Tests/tests/test_FrontPanel.cpp (ext=.cpp, size=32323)
2025-11-25 18:58:50,507 - Knowledge - INFO - Worker kw11 processing /Users/veera/Documents/kavia-backend/graphnode-backend-api/data/rdk7542/411/b676358/entservices-peripherals-411/helpers/UtilsTelemetry.h
2025-11-25 18:58:50,507 - Knowledge - INFO - Fast-tracked /Users/veera/Documents/kavia-backend/graphnode-backend-api/data/rdk7542/411/b676358/entservices-peripherals-411/helpers/WebSockets/JsonRpc/Request.cpp (ext=.cpp, size=1781)
2025-11-25 18:58:50,507 - Knowledge - INFO - Worker kw5 processing /Users/veera/Documents/kavia-backend/graphnode-backend-api/data/rdk7542/411/b676358/entservices-peripherals-411/cmake/FindDS.cmake
2025-11-25 18:58:50,508 - Knowledge - INFO - Worker kw6 processing /Users/veera/Documents/kavia-backend/graphnode-backend-api/data/rdk7542/411/b676358/entservices-peripherals-411/cmake/FindNXCLIENT.cmake
2025-11-25 18:58:50,519 - Knowledge - INFO - Fast-tracked /Users/veera/Documents/kavia-backend/graphnode-backend-api/data/rdk7542/411/b676358/entservices-peripherals-411/cmake/FindCurl.cmake (ext=.cmake, size=1002)
2025-11-25 18:58:50,537 - Knowledge - INFO - Fast-tracked /Users/veera/Documents/kavia-backend/graphnode-backend-api/data/rdk7542/411/b676358/entservices-peripherals-411/VoiceControl/CHANGELOG.md (ext=.md, size=1015)
2025-11-25 18:58:50,537 - Knowledge - INFO - Worker kw8 processing /Users/veera/Documents/kavia-backend/graphnode-backend-api/data/rdk7542/411/b676358/entservices-peripherals-411/helpers/frontpanel.h
2025-11-25 18:58:50,550 - Knowledge - INFO - Fast-tracked /Users/veera/Documents/kavia-backend/graphnode-backend-api/data/rdk7542/411/b676358/entservices-peripherals-411/FrontPanel/CHANGELOG.md (ext=.md, size=1015)
2025-11-25 18:58:50,556 - Knowledge - INFO - Worker kw9 processing /Users/veera/Documents/kavia-backend/graphnode-backend-api/data/rdk7542/411/b676358/entservices-peripherals-411/helpers/WebSockets/Encryption/NoEncryption.h
2025-11-25 18:58:50,556 - Knowledge - INFO - Fast-tracked /Users/veera/Documents/kavia-backend/graphnode-backend-api/data/rdk7542/411/b676358/entservices-peripherals-411/helpers/UtilssyncPersistFile.h (ext=.h, size=1541)
2025-11-25 18:58:50,574 - Knowledge - INFO - knowledge worker kw19 start
2025-11-25 18:58:50,574 - Knowledge - INFO - Worker kw20 created using shared MongoDB connection pool
2025-11-25 18:58:50,574 - Knowledge - INFO - Worker kw7 processing /Users/veera/Documents/kavia-backend/graphnode-backend-api/data/rdk7542/411/b676358/entservices-peripherals-411/RemoteControl/CMakeLists.txt
2025-11-25 18:58:50,587 - Knowledge - INFO - Worker kw3 processing /Users/veera/Documents/kavia-backend/graphnode-backend-api/data/rdk7542/411/b676358/entservices-peripherals-411/MotionDetection/CMakeLists.txt
2025-11-25 18:58:50,587 - Knowledge - INFO - Fast-tracked /Users/veera/Documents/kavia-backend/graphnode-backend-api/data/rdk7542/411/b676358/entservices-peripherals-411/helpers/UtilsTelemetry.h (ext=.h, size=1892)
2025-11-25 18:58:50,587 - Knowledge - INFO - Worker kw10 processing /Users/veera/Documents/kavia-backend/graphnode-backend-api/data/rdk7542/411/b676358/entservices-peripherals-411/helpers/WebSockets/JsonRpc/Response.cpp
2025-11-25 18:58:50,623 - Knowledge - INFO - Worker kw2 processing /Users/veera/Documents/kavia-backend/graphnode-backend-api/data/rdk7542/411/b676358/entservices-peripherals-411/cmake/FindGLIB.cmake
2025-11-25 18:58:50,623 - Knowledge - INFO - Fast-tracked /Users/veera/Documents/kavia-backend/graphnode-backend-api/data/rdk7542/411/b676358/entservices-peripherals-411/cmake/FindNXCLIENT.cmake (ext=.cmake, size=1813)
2025-11-25 18:58:50,623 - Knowledge - INFO - Worker kw1 processing /Users/veera/Documents/kavia-backend/graphnode-backend-api/data/rdk7542/411/b676358/entservices-peripherals-411/VoiceControl/Module.cpp
2025-11-25 18:58:50,623 - Knowledge - INFO - Fast-tracked /Users/veera/Documents/kavia-backend/graphnode-backend-api/data/rdk7542/411/b676358/entservices-peripherals-411/cmake/FindDS.cmake (ext=.cmake, size=1842)
2025-11-25 18:58:50,623 - Knowledge - INFO - Worker kw4 processing /Users/veera/Documents/kavia-backend/graphnode-backend-api/data/rdk7542/411/b676358/entservices-peripherals-411/FrontPanel/Module.cpp
2025-11-25 18:58:50,623 - Knowledge - INFO - Worker kw8 processing /Users/veera/Documents/kavia-backend/graphnode-backend-api/data/rdk7542/411/b676358/entservices-peripherals-411/helpers/PowerManagerInterface.h
2025-11-25 18:58:50,624 - Knowledge - INFO - Fast-tracked /Users/veera/Documents/kavia-backend/graphnode-backend-api/data/rdk7542/411/b676358/entservices-peripherals-411/helpers/WebSockets/Encryption/NoEncryption.h (ext=.h, size=1649)
2025-11-25 18:58:50,624 - Knowledge - INFO - Worker kw13 processing /Users/veera/Documents/kavia-backend/graphnode-backend-api/data/rdk7542/411/b676358/entservices-peripherals-411/helpers/UtilsController.h
2025-11-25 18:58:50,624 - Knowledge - INFO - knowledge worker kw20 start
2025-11-25 18:58:50,624 - Knowledge - INFO - Fast-tracked /Users/veera/Documents/kavia-backend/graphnode-backend-api/data/rdk7542/411/b676358/entservices-peripherals-411/RemoteControl/CMakeLists.txt (ext=.txt, size=1710)
2025-11-25 18:58:50,624 - Knowledge - INFO - Worker kw11 processing /Users/veera/Documents/kavia-backend/graphnode-backend-api/data/rdk7542/411/b676358/entservices-peripherals-411/helpers/UtilsgetFileContent.h
2025-11-25 18:58:50,625 - Knowledge - INFO - Fast-tracked /Users/veera/Documents/kavia-backend/graphnode-backend-api/data/rdk7542/411/b676358/entservices-peripherals-411/MotionDetection/CMakeLists.txt (ext=.txt, size=1691)
2025-11-25 18:58:50,631 - Knowledge - INFO - Worker kw2 processing /Users/veera/Documents/kavia-backend/graphnode-backend-api/data/rdk7542/411/b676358/entservices-peripherals-411/cmake/FindGStreamer.cmake
2025-11-25 18:58:50,631 - Knowledge - INFO - Worker kw6 processing /Users/veera/Documents/kavia-backend/graphnode-backend-api/data/rdk7542/411/b676358/entservices-peripherals-411/CHANGELOG.md
2025-11-25 18:58:50,631 - Knowledge - INFO - Worker kw10 processing /Users/veera/Documents/kavia-backend/graphnode-backend-api/data/rdk7542/411/b676358/entservices-peripherals-411/helpers/WebSockets/JsonRpc/Request.h
2025-11-25 18:58:50,660 - Knowledge - INFO - Worker kw5 processing /Users/veera/Documents/kavia-backend/graphnode-backend-api/data/rdk7542/411/b676358/entservices-peripherals-411/cmake/FindTTS.cmake
2025-11-25 18:58:50,673 - Knowledge - INFO - Fast-tracked /Users/veera/Documents/kavia-backend/graphnode-backend-api/data/rdk7542/411/b676358/entservices-peripherals-411/VoiceControl/Module.cpp (ext=.cpp, size=765)
2025-11-25 18:58:50,685 - Knowledge - INFO - Fast-tracked /Users/veera/Documents/kavia-backend/graphnode-backend-api/data/rdk7542/411/b676358/entservices-peripherals-411/FrontPanel/Module.cpp (ext=.cpp, size=765)
2025-11-25 18:58:50,685 - Knowledge - INFO - Fast-tracked /Users/veera/Documents/kavia-backend/graphnode-backend-api/data/rdk7542/411/b676358/entservices-peripherals-411/helpers/PowerManagerInterface.h (ext=.h, size=1006)
2025-11-25 18:58:50,685 - Knowledge - INFO - Worker kw9 processing /Users/veera/Documents/kavia-backend/graphnode-backend-api/data/rdk7542/411/b676358/entservices-peripherals-411/helpers/WebSockets/Encryption/TlsEnabled.h
2025-11-25 18:58:50,685 - Knowledge - INFO - Worker kw13 processing /Users/veera/Documents/kavia-backend/graphnode-backend-api/data/rdk7542/411/b676358/entservices-peripherals-411/helpers/UtilsUnused.h
2025-11-25 18:58:50,686 - Knowledge - INFO - Worker kw7 processing /Users/veera/Documents/kavia-backend/graphnode-backend-api/data/rdk7542/411/b676358/entservices-peripherals-411/RemoteControl/test/CMakeLists.txt
2025-11-25 18:58:50,686 - Knowledge - INFO - Worker kw3 processing /Users/veera/Documents/kavia-backend/graphnode-backend-api/data/rdk7542/411/b676358/entservices-peripherals-411/MotionDetection/CHANGELOG.md
2025-11-25 18:58:50,686 - Knowledge - INFO - Worker kw11 processing /Users/veera/Documents/kavia-backend/graphnode-backend-api/data/rdk7542/411/b676358/entservices-peripherals-411/helpers/UtilsLogging.h
2025-11-25 18:58:50,687 - Knowledge - INFO - Fast-tracked /Users/veera/Documents/kavia-backend/graphnode-backend-api/data/rdk7542/411/b676358/entservices-peripherals-411/helpers/WebSockets/JsonRpc/Request.h (ext=.h, size=1283)
2025-11-25 18:58:50,687 - Knowledge - INFO - Fast-tracked /Users/veera/Documents/kavia-backend/graphnode-backend-api/data/rdk7542/411/b676358/entservices-peripherals-411/CHANGELOG.md (ext=.md, size=14499)
2025-11-25 18:58:50,687 - Knowledge - INFO - Fast-tracked /Users/veera/Documents/kavia-backend/graphnode-backend-api/data/rdk7542/411/b676358/entservices-peripherals-411/cmake/FindTTS.cmake (ext=.cmake, size=1379)
2025-11-25 18:58:50,687 - Knowledge - INFO - Worker kw1 processing /Users/veera/Documents/kavia-backend/graphnode-backend-api/data/rdk7542/411/b676358/entservices-peripherals-411/VoiceControl/VoiceControl.cpp
2025-11-25 18:58:50,687 - Knowledge - INFO - Worker kw4 processing /Users/veera/Documents/kavia-backend/graphnode-backend-api/data/rdk7542/411/b676358/entservices-peripherals-411/FrontPanel/FrontPanelImplementation.cpp
2025-11-25 18:58:50,688 - Knowledge - INFO - Worker kw8 processing /Users/veera/Documents/kavia-backend/graphnode-backend-api/data/rdk7542/411/b676358/entservices-peripherals-411/helpers/UtilsBIT.h
2025-11-25 18:58:50,688 - Knowledge - INFO - Worker kw9 processing /Users/veera/Documents/kavia-backend/graphnode-backend-api/data/rdk7542/411/b676358/entservices-peripherals-411/helpers/WebSockets/JsonRpc/Notification.h
2025-11-25 18:58:50,688 - Knowledge - INFO - Fast-tracked /Users/veera/Documents/kavia-backend/graphnode-backend-api/data/rdk7542/411/b676358/entservices-peripherals-411/RemoteControl/test/CMakeLists.txt (ext=.txt, size=1493)
2025-11-25 18:58:50,689 - Knowledge - INFO - Fast-tracked /Users/veera/Documents/kavia-backend/graphnode-backend-api/data/rdk7542/411/b676358/entservices-peripherals-411/helpers/UtilsUnused.h (ext=.h, size=750)
2025-11-25 18:58:50,695 - Knowledge - INFO - Fast-tracked /Users/veera/Documents/kavia-backend/graphnode-backend-api/data/rdk7542/411/b676358/entservices-peripherals-411/MotionDetection/CHANGELOG.md (ext=.md, size=1015)
2025-11-25 18:58:50,695 - Knowledge - INFO - Worker kw10 processing /Users/veera/Documents/kavia-backend/graphnode-backend-api/data/rdk7542/411/b676358/entservices-peripherals-411/helpers/WebSockets/Roles/Client.h
2025-11-25 18:58:50,695 - Knowledge - INFO - Fast-tracked /Users/veera/Documents/kavia-backend/graphnode-backend-api/data/rdk7542/411/b676358/entservices-peripherals-411/helpers/UtilsLogging.h (ext=.h, size=1834)
2025-11-25 18:58:50,698 - Knowledge - INFO - Worker kw6 processing /Users/veera/Documents/kavia-backend/graphnode-backend-api/data/rdk7542/411/b676358/entservices-peripherals-411/Tests/gcc-with-coverage.cmake
2025-11-25 18:58:50,704 - Knowledge - INFO - Worker kw5 processing /Users/veera/Documents/kavia-backend/graphnode-backend-api/data/rdk7542/411/b676358/entservices-peripherals-411/cmake/Findjsoncpp.cmake
2025-11-25 18:58:50,723 - Knowledge - INFO - Worker kw4 processing /Users/veera/Documents/kavia-backend/graphnode-backend-api/data/rdk7542/411/b676358/entservices-peripherals-411/FrontPanel/FrontPanel.cpp
2025-11-25 18:58:50,723 - Knowledge - INFO - Fast-tracked /Users/veera/Documents/kavia-backend/graphnode-backend-api/data/rdk7542/411/b676358/entservices-peripherals-411/helpers/UtilsBIT.h (ext=.h, size=1312)
2025-11-25 18:58:50,723 - Knowledge - INFO - Fast-tracked /Users/veera/Documents/kavia-backend/graphnode-backend-api/data/rdk7542/411/b676358/entservices-peripherals-411/cmake/FindAamp.cmake (small file (2167 bytes))
2025-11-25 18:58:50,723 - Knowledge - INFO - Worker kw7 processing /Users/veera/Documents/kavia-backend/graphnode-backend-api/data/rdk7542/411/b676358/entservices-peripherals-411/RemoteControl/test/remoteControlTestClient.cpp
2025-11-25 18:58:50,723 - Knowledge - INFO - Fast-tracked /Users/veera/Documents/kavia-backend/graphnode-backend-api/data/rdk7542/411/b676358/entservices-peripherals-411/helpers/WebSockets/JsonRpc/Notification.h (ext=.h, size=1157)
2025-11-25 18:58:50,723 - Knowledge - INFO - Worker kw13 processing /Users/veera/Documents/kavia-backend/graphnode-backend-api/data/rdk7542/411/b676358/entservices-peripherals-411/helpers/UtilsfileExists.h
2025-11-25 18:58:50,723 - Knowledge - INFO - Fast-tracked /Users/veera/Documents/kavia-backend/graphnode-backend-api/data/rdk7542/411/b676358/entservices-peripherals-411/LEDControl/LEDControlImplementation.h (small file (2498 bytes))
2025-11-25 18:58:50,723 - Knowledge - INFO - Worker kw3 processing /Users/veera/Documents/kavia-backend/graphnode-backend-api/data/rdk7542/411/b676358/entservices-peripherals-411/MotionDetection/Module.cpp
2025-11-25 18:58:50,724 - Knowledge - INFO - Worker kw11 processing /Users/veera/Documents/kavia-backend/graphnode-backend-api/data/rdk7542/411/b676358/entservices-peripherals-411/helpers/UtilsIarm.h
2025-11-25 18:58:50,724 - Knowledge - INFO - Worker kw10 processing /Users/veera/Documents/kavia-backend/graphnode-backend-api/data/rdk7542/411/b676358/entservices-peripherals-411/helpers/WebSockets/Roles/SingleClientServer.h
2025-11-25 18:58:50,724 - Knowledge - INFO - Fast-tracked /Users/veera/Documents/kavia-backend/graphnode-backend-api/data/rdk7542/411/b676358/entservices-peripherals-411/Tests/gcc-with-coverage.cmake (ext=.cmake, size=756)
2025-11-25 18:58:50,724 - Knowledge - INFO - Worker kw8 processing /Users/veera/Documents/kavia-backend/graphnode-backend-api/data/rdk7542/411/b676358/entservices-peripherals-411/helpers/UtilsString.h
2025-11-25 18:58:50,724 - Knowledge - INFO - Fast-tracked /Users/veera/Documents/kavia-backend/graphnode-backend-api/data/rdk7542/411/b676358/entservices-peripherals-411/cmake/Findjsoncpp.cmake (ext=.cmake, size=1853)
2025-11-25 18:58:50,724 - Knowledge - INFO - Fast-tracked /Users/veera/Documents/kavia-backend/graphnode-backend-api/data/rdk7542/411/b676358/entservices-peripherals-411/RemoteControl/test/remoteControlTestClient.cpp (ext=.cpp, size=34921)
2025-11-25 18:58:50,725 - Knowledge - INFO - Fast-tracked /Users/veera/Documents/kavia-backend/graphnode-backend-api/data/rdk7542/411/b676358/entservices-peripherals-411/helpers/UtilsfileExists.h (ext=.h, size=880)
2025-11-25 18:58:50,725 - Knowledge - INFO - Fast-tracked /Users/veera/Documents/kavia-backend/graphnode-backend-api/data/rdk7542/411/b676358/entservices-peripherals-411/MotionDetection/Module.cpp (ext=.cpp, size=765)
2025-11-25 18:58:50,725 - Knowledge - INFO - Worker kw11 processing /Users/veera/Documents/kavia-backend/graphnode-backend-api/data/rdk7542/411/b676358/entservices-peripherals-411/helpers/UtilsLOG_MILESTONE.h
2025-11-25 18:58:50,725 - Knowledge - INFO - Worker kw10 processing /Users/veera/Documents/kavia-backend/graphnode-backend-api/data/rdk7542/411/b676358/entservices-peripherals-411/helpers/WebSockets/PingPong/PingPongEnabled.h
2025-11-25 18:58:50,725 - Knowledge - INFO - Worker kw6 processing /Users/veera/Documents/kavia-backend/graphnode-backend-api/data/rdk7542/411/b676358/entservices-peripherals-411/Tests/L2Tests/CMakeLists.txt
2025-11-25 18:58:50,725 - Knowledge - INFO - Worker kw8 processing /Users/veera/Documents/kavia-backend/graphnode-backend-api/data/rdk7542/411/b676358/entservices-peripherals-411/helpers/cSettings.h
2025-11-25 18:58:50,725 - Knowledge - INFO - Worker kw5 processing /Users/veera/Documents/kavia-backend/graphnode-backend-api/data/rdk7542/411/b676358/entservices-peripherals-411/cmake/FindIARMBus.cmake
2025-11-25 18:58:50,726 - Knowledge - INFO - Worker kw7 processing /Users/veera/Documents/kavia-backend/graphnode-backend-api/data/rdk7542/411/b676358/entservices-peripherals-411/RemoteControl/test/Module.h
2025-11-25 18:58:50,726 - Knowledge - INFO - Fast-tracked /Users/veera/Documents/kavia-backend/graphnode-backend-api/data/rdk7542/411/b676358/entservices-peripherals-411/helpers/UtilsSearchRDKProfile.h (small file (2043 bytes))
2025-11-25 18:58:50,726 - Knowledge - INFO - Worker kw13 processing /Users/veera/Documents/kavia-backend/graphnode-backend-api/data/rdk7542/411/b676358/entservices-peripherals-411/helpers/UtilsFile.h
2025-11-25 18:58:50,738 - Knowledge - INFO - Worker kw3 processing /Users/veera/Documents/kavia-backend/graphnode-backend-api/data/rdk7542/411/b676358/entservices-peripherals-411/MotionDetection/README.md
2025-11-25 18:58:50,740 - Knowledge - INFO - Worker kw10 processing /Users/veera/Documents/kavia-backend/graphnode-backend-api/data/rdk7542/411/b676358/entservices-peripherals-411/helpers/WebSockets/PingPong/PingPongDisabled.h
2025-11-25 18:58:50,752 - Knowledge - INFO - Fast-tracked /Users/veera/Documents/kavia-backend/graphnode-backend-api/data/rdk7542/411/b676358/entservices-peripherals-411/Tests/L2Tests/CMakeLists.txt (ext=.txt, size=2622)
2025-11-25 18:58:50,752 - Knowledge - INFO - Fast-tracked /Users/veera/Documents/kavia-backend/graphnode-backend-api/data/rdk7542/411/b676358/entservices-peripherals-411/helpers/UtilsLOG_MILESTONE.h (ext=.h, size=810)
2025-11-25 18:58:50,755 - Knowledge - INFO - Worker kw8 processing /Users/veera/Documents/kavia-backend/graphnode-backend-api/data/rdk7542/411/b676358/entservices-peripherals-411/helpers/UtilsProcess.h
2025-11-25 18:58:50,755 - Knowledge - INFO - Fast-tracked /Users/veera/Documents/kavia-backend/graphnode-backend-api/data/rdk7542/411/b676358/entservices-peripherals-411/cmake/FindIARMBus.cmake (ext=.cmake, size=1734)
2025-11-25 18:58:50,755 - Knowledge - INFO - Fast-tracked /Users/veera/Documents/kavia-backend/graphnode-backend-api/data/rdk7542/411/b676358/entservices-peripherals-411/cmake/FindGStreamer.cmake (small file (2703 bytes))
2025-11-25 18:58:50,755 - Knowledge - INFO - Fast-tracked /Users/veera/Documents/kavia-backend/graphnode-backend-api/data/rdk7542/411/b676358/entservices-peripherals-411/RemoteControl/test/Module.h (ext=.h, size=845)
2025-11-25 18:58:50,755 - Knowledge - INFO - Fast-tracked /Users/veera/Documents/kavia-backend/graphnode-backend-api/data/rdk7542/411/b676358/entservices-peripherals-411/LEDControl/LEDControl.h (small file (2229 bytes))
2025-11-25 18:58:50,755 - Knowledge - INFO - Worker kw13 processing /Users/veera/Documents/kavia-backend/graphnode-backend-api/data/rdk7542/411/b676358/entservices-peripherals-411/helpers/UtilsSynchroIarm.hpp
2025-11-25 18:58:50,768 - Knowledge - INFO - Worker kw6 processing /Users/veera/Documents/kavia-backend/graphnode-backend-api/data/rdk7542/411/b676358/entservices-peripherals-411/Tests/L2Tests/tests/LedControl_L2Test.cpp
2025-11-25 18:58:50,768 - Knowledge - INFO - Fast-tracked /Users/veera/Documents/kavia-backend/graphnode-backend-api/data/rdk7542/411/b676358/entservices-peripherals-411/MotionDetection/README.md (ext=.md, size=2611)
2025-11-25 18:58:50,768 - Knowledge - INFO - Fast-tracked /Users/veera/Documents/kavia-backend/graphnode-backend-api/data/rdk7542/411/b676358/entservices-peripherals-411/helpers/WebSockets/PingPong/PingPongDisabled.h (ext=.h, size=1228)
2025-11-25 18:58:50,769 - Knowledge - INFO - Worker kw11 processing /Users/veera/Documents/kavia-backend/graphnode-backend-api/data/rdk7542/411/b676358/entservices-peripherals-411/helpers/frontpanel.cpp
2025-11-25 18:58:50,770 - Knowledge - INFO - Worker kw5 processing /Users/veera/Documents/kavia-backend/graphnode-backend-api/data/rdk7542/411/b676358/entservices-peripherals-411/cmake/FindRDKStorageManager.cmake
2025-11-25 18:58:50,770 - Knowledge - INFO - Worker kw7 processing /Users/veera/Documents/kavia-backend/graphnode-backend-api/data/rdk7542/411/b676358/entservices-peripherals-411/RemoteControl/CHANGELOG.md
2025-11-25 18:58:50,775 - Knowledge - INFO - Fast-tracked /Users/veera/Documents/kavia-backend/graphnode-backend-api/data/rdk7542/411/b676358/entservices-peripherals-411/FrontPanel/FrontPanel.h (small file (2585 bytes))
2025-11-25 18:58:50,777 - Knowledge - INFO - Fast-tracked /Users/veera/Documents/kavia-backend/graphnode-backend-api/data/rdk7542/411/b676358/entservices-peripherals-411/helpers/WebSockets/CommunicationInterface/CommandInterface.h (small file (2143 bytes))
2025-11-25 18:58:50,777 - Knowledge - INFO - Worker kw13 processing /Users/veera/Documents/kavia-backend/graphnode-backend-api/data/rdk7542/411/b676358/entservices-peripherals-411/cov_build.sh
2025-11-25 18:58:50,777 - Knowledge - INFO - Worker kw3 processing /Users/veera/Documents/kavia-backend/graphnode-backend-api/data/rdk7542/411/b676358/entservices-peripherals-411/MotionDetection/MotionDetection.cpp
2025-11-25 18:58:50,777 - Knowledge - INFO - Worker kw10 processing /Users/veera/Documents/kavia-backend/graphnode-backend-api/data/rdk7542/411/b676358/entservices-peripherals-411/helpers/WebSockets/ConnectionInitializationResult.h
2025-11-25 18:58:50,777 - Knowledge - INFO - Fast-tracked /Users/veera/Documents/kavia-backend/graphnode-backend-api/data/rdk7542/411/b676358/entservices-peripherals-411/Tests/L2Tests/tests/LedControl_L2Test.cpp (ext=.cpp, size=38724)
2025-11-25 18:58:50,777 - Knowledge - INFO - Worker kw11 processing /Users/veera/Documents/kavia-backend/graphnode-backend-api/data/rdk7542/411/b676358/entservices-peripherals-411/helpers/UtilsInputValidator.h
2025-11-25 18:58:50,777 - Knowledge - INFO - Fast-tracked /Users/veera/Documents/kavia-backend/graphnode-backend-api/data/rdk7542/411/b676358/entservices-peripherals-411/cmake/FindRDKStorageManager.cmake (ext=.cmake, size=983)
2025-11-25 18:58:50,778 - Knowledge - INFO - Fast-tracked /Users/veera/Documents/kavia-backend/graphnode-backend-api/data/rdk7542/411/b676358/entservices-peripherals-411/RemoteControl/CHANGELOG.md (ext=.md, size=1011)
2025-11-25 18:58:50,781 - Knowledge - INFO - Worker kw3 processing /Users/veera/Documents/kavia-backend/graphnode-backend-api/data/rdk7542/411/b676358/entservices-peripherals-411/MotionDetection/MotionDetection.h
2025-11-25 18:58:50,781 - Knowledge - INFO - Fast-tracked /Users/veera/Documents/kavia-backend/graphnode-backend-api/data/rdk7542/411/b676358/entservices-peripherals-411/helpers/WebSockets/ConnectionInitializationResult.h (ext=.h, size=1319)
2025-11-25 18:58:50,781 - Knowledge - INFO - Worker kw6 processing /Users/veera/Documents/kavia-backend/graphnode-backend-api/data/rdk7542/411/b676358/entservices-peripherals-411/Tests/clang.cmake
2025-11-25 18:58:50,790 - Knowledge - INFO - Fast-tracked /Users/veera/Documents/kavia-backend/graphnode-backend-api/data/rdk7542/411/b676358/entservices-peripherals-411/helpers/WebSockets/WSEndpoint.h (small file (2873 bytes))
2025-11-25 18:58:50,790 - Knowledge - INFO - Worker kw7 processing /Users/veera/Documents/kavia-backend/graphnode-backend-api/data/rdk7542/411/b676358/entservices-peripherals-411/RemoteControl/Module.cpp
2025-11-25 18:58:50,791 - Knowledge - INFO - Fast-tracked /Users/veera/Documents/kavia-backend/graphnode-backend-api/data/rdk7542/411/b676358/entservices-peripherals-411/cmake/FindNEXUS.cmake (small file (2835 bytes))
2025-11-25 18:58:50,792 - Knowledge - INFO - Fast-tracked /Users/veera/Documents/kavia-backend/graphnode-backend-api/data/rdk7542/411/b676358/entservices-peripherals-411/helpers/WebSockets/JsonRpc/Response.cpp (small file (2421 bytes))
2025-11-25 18:58:50,793 - Knowledge - INFO - Fast-tracked /Users/veera/Documents/kavia-backend/graphnode-backend-api/data/rdk7542/411/b676358/entservices-peripherals-411/Tests/clang.cmake (ext=.cmake, size=1339)
2025-11-25 18:58:50,796 - Knowledge - INFO - Fast-tracked /Users/veera/Documents/kavia-backend/graphnode-backend-api/data/rdk7542/411/b676358/entservices-peripherals-411/RemoteControl/Module.cpp (ext=.cpp, size=765)
2025-11-25 18:58:50,798 - Knowledge - INFO - Worker kw6 processing /Users/veera/Documents/kavia-backend/graphnode-backend-api/data/rdk7542/411/b676358/entservices-peripherals-411/Tests/README.md
2025-11-25 18:58:50,821 - Knowledge - INFO - Worker kw7 processing /Users/veera/Documents/kavia-backend/graphnode-backend-api/data/rdk7542/411/b676358/entservices-peripherals-411/RemoteControl/README.md
2025-11-25 18:58:50,839 - Knowledge - INFO - Fast-tracked /Users/veera/Documents/kavia-backend/graphnode-backend-api/data/rdk7542/411/b676358/entservices-peripherals-411/cmake/FindGStreamerVideo.cmake (small file (2892 bytes))
2025-11-25 18:58:50,839 - Knowledge - INFO - Fast-tracked /Users/veera/Documents/kavia-backend/graphnode-backend-api/data/rdk7542/411/b676358/entservices-peripherals-411/Tests/README.md (ext=.md, size=4041)
2025-11-25 18:58:50,840 - Knowledge - INFO - Fast-tracked /Users/veera/Documents/kavia-backend/graphnode-backend-api/data/rdk7542/411/b676358/entservices-peripherals-411/RemoteControl/README.md (ext=.md, size=508)
2025-11-25 18:58:50,841 - Knowledge - INFO - Fast-tracked /Users/veera/Documents/kavia-backend/graphnode-backend-api/data/rdk7542/411/b676358/entservices-peripherals-411/helpers/WebSockets/Roles/Client.h (small file (2756 bytes))
2025-11-25 18:58:50,841 - Knowledge - INFO - Fast-tracked /Users/veera/Documents/kavia-backend/graphnode-backend-api/data/rdk7542/411/b676358/entservices-peripherals-411/cmake/FindBCM_HOST.cmake (small file (2134 bytes))
2025-11-25 18:58:50,849 - Knowledge - INFO - Fast-tracked /Users/veera/Documents/kavia-backend/graphnode-backend-api/data/rdk7542/411/b676358/entservices-peripherals-411/helpers/UtilsFile.h (small file (2625 bytes))
2025-11-25 18:58:50,857 - Knowledge - INFO - Fast-tracked /Users/veera/Documents/kavia-backend/graphnode-backend-api/data/rdk7542/411/b676358/entservices-peripherals-411/helpers/UtilsIarm.h (small file (2992 bytes))
2025-11-25 18:58:50,878 - Knowledge - INFO - Processing batch of 10 files
2025-11-25 18:58:50,878 - Knowledge - INFO - process ingested knowledge for /Users/veera/Documents/kavia-backend/graphnode-backend-api/data/rdk7542/411/b676358/entservices-peripherals-411/cmake/FindCEC.cmake
2025-11-25 18:58:50,878 - Knowledge - INFO - process ingested knowledge for /Users/veera/Documents/kavia-backend/graphnode-backend-api/data/rdk7542/411/b676358/entservices-peripherals-411/cmake/FindAC.cmake
2025-11-25 18:58:50,881 - Knowledge - INFO - Fast-tracked /Users/veera/Documents/kavia-backend/graphnode-backend-api/data/rdk7542/411/b676358/entservices-peripherals-411/helpers/UtilsProcess.h (small file (2699 bytes))
2025-11-25 18:58:50,893 - Knowledge - INFO - process ingested knowledge for /Users/veera/Documents/kavia-backend/graphnode-backend-api/data/rdk7542/411/b676358/entservices-peripherals-411/cmake/FindLibSoup.cmake
2025-11-25 18:58:50,893 - Knowledge - INFO - process ingested knowledge for /Users/veera/Documents/kavia-backend/graphnode-backend-api/data/rdk7542/411/b676358/entservices-peripherals-411/cmake/FindNXCLIENT.cmake
2025-11-25 18:58:50,894 - Knowledge - INFO - process ingested knowledge for /Users/veera/Documents/kavia-backend/graphnode-backend-api/data/rdk7542/411/b676358/entservices-peripherals-411/CHANGELOG.md
2025-11-25 18:58:50,894 - Knowledge - INFO - process ingested knowledge for /Users/veera/Documents/kavia-backend/graphnode-backend-api/data/rdk7542/411/b676358/entservices-peripherals-411/Tests/gcc-with-coverage.cmake
2025-11-25 18:58:50,894 - Knowledge - INFO - process ingested knowledge for /Users/veera/Documents/kavia-backend/graphnode-backend-api/data/rdk7542/411/b676358/entservices-peripherals-411/Tests/L2Tests/CMakeLists.txt
2025-11-25 18:58:50,894 - Knowledge - INFO - process ingested knowledge for /Users/veera/Documents/kavia-backend/graphnode-backend-api/data/rdk7542/411/b676358/entservices-peripherals-411/Tests/L2Tests/tests/LedControl_L2Test.cpp
2025-11-25 18:58:50,895 - Knowledge - INFO - Processing batch of 12 files
2025-11-25 18:58:50,895 - Knowledge - INFO - process ingested knowledge for /Users/veera/Documents/kavia-backend/graphnode-backend-api/data/rdk7542/411/b676358/entservices-peripherals-411/cmake/FindNEXUS.cmake
2025-11-25 18:58:50,896 - Knowledge - INFO - process ingested knowledge for /Users/veera/Documents/kavia-backend/graphnode-backend-api/data/rdk7542/411/b676358/entservices-peripherals-411/Tests/clang.cmake
2025-11-25 18:58:50,896 - Knowledge - INFO - process ingested knowledge for /Users/veera/Documents/kavia-backend/graphnode-backend-api/data/rdk7542/411/b676358/entservices-peripherals-411/cmake/FindSqliteSee.cmake
2025-11-25 18:58:50,898 - Knowledge - INFO - process ingested knowledge for /Users/veera/Documents/kavia-backend/graphnode-backend-api/data/rdk7542/411/b676358/entservices-peripherals-411/Tests/README.md
2025-11-25 18:58:50,899 - Knowledge - INFO - process ingested knowledge for /Users/veera/Documents/kavia-backend/graphnode-backend-api/data/rdk7542/411/b676358/entservices-peripherals-411/cmake/FindGStreamerVideo.cmake
2025-11-25 18:58:50,899 - Knowledge - INFO - process ingested knowledge for /Users/veera/Documents/kavia-backend/graphnode-backend-api/data/rdk7542/411/b676358/entservices-peripherals-411/cmake/FindSqlite.cmake
2025-11-25 18:58:50,990 - Knowledge - INFO - process ingested knowledge for /Users/veera/Documents/kavia-backend/graphnode-backend-api/data/rdk7542/411/b676358/entservices-peripherals-411/cmake/FindBCM_HOST.cmake
2025-11-25 18:58:50,991 - Knowledge - INFO - process ingested knowledge for /Users/veera/Documents/kavia-backend/graphnode-backend-api/data/rdk7542/411/b676358/entservices-peripherals-411/cmake/FindDL.cmake
2025-11-25 18:58:50,991 - Knowledge - INFO - process ingested knowledge for /Users/veera/Documents/kavia-backend/graphnode-backend-api/data/rdk7542/411/b676358/entservices-peripherals-411/cmake/FindUdev.cmake
2025-11-25 18:58:50,998 - Knowledge - INFO - process ingested knowledge for /Users/veera/Documents/kavia-backend/graphnode-backend-api/data/rdk7542/411/b676358/entservices-peripherals-411/cmake/FindDS.cmake
2025-11-25 18:58:50,998 - Knowledge - INFO - process ingested knowledge for /Users/veera/Documents/kavia-backend/graphnode-backend-api/data/rdk7542/411/b676358/entservices-peripherals-411/cmake/FindTTS.cmake
2025-11-25 18:58:51,086 - Knowledge - INFO - process ingested knowledge for /Users/veera/Documents/kavia-backend/graphnode-backend-api/data/rdk7542/411/b676358/entservices-peripherals-411/cmake/Findjsoncpp.cmake
2025-11-25 18:58:51,086 - Knowledge - INFO - process ingested knowledge for /Users/veera/Documents/kavia-backend/graphnode-backend-api/data/rdk7542/411/b676358/entservices-peripherals-411/cmake/FindIARMBus.cmake
2025-11-25 18:58:51,086 - Knowledge - INFO - process ingested knowledge for /Users/veera/Documents/kavia-backend/graphnode-backend-api/data/rdk7542/411/b676358/entservices-peripherals-411/cmake/FindRDKStorageManager.cmake
2025-11-25 18:58:52,234 - Knowledge - INFO - [WEBSOCKET] Sent: Type=progress_update, Size: 271, Duration: 0ms
2025-11-25 18:58:52,237 - Knowledge - INFO - [WEBSOCKET] Sent: Type=unknown, Size: ?, Duration: 4ms
2025-11-25 18:58:52,238 - Knowledge - INFO - Progress: 17.5% | Files: 22/126 | Rate: 6.41 files/sec | Queue: 0
2025-11-25 18:58:53,071 - Knowledge - INFO - [LLM_CALL] Completed: cov_build.sh:chunk1, Duration: 2213ms, PromptTokens: 2522, CompletionTokens: 59, Cost: $0.00028
2025-11-25 18:58:53,073 - Knowledge - INFO - done ingest for /Users/veera/Documents/kavia-backend/graphnode-backend-api/data/rdk7542/411/b676358/entservices-peripherals-411/cov_build.sh
2025-11-25 18:58:53,082 - Knowledge - INFO - [LLM_CALL] Completed: FindGLIB.cmake:chunk1, Duration: 2356ms, PromptTokens: 3704, CompletionTokens: 59, Cost: $0.00039
2025-11-25 18:58:53,082 - Knowledge - INFO - done ingest for /Users/veera/Documents/kavia-backend/graphnode-backend-api/data/rdk7542/411/b676358/entservices-peripherals-411/cmake/FindGLIB.cmake
2025-11-25 18:58:53,092 - Knowledge - INFO - [LLM_CALL] Completed: build_dependencies.sh:chunk1, Duration: 2247ms, PromptTokens: 3926, CompletionTokens: 59, Cost: $0.00042
2025-11-25 18:58:53,093 - Knowledge - INFO - done ingest for /Users/veera/Documents/kavia-backend/graphnode-backend-api/data/rdk7542/411/b676358/entservices-peripherals-411/build_dependencies.sh
2025-11-25 18:58:54,436 - Knowledge - INFO - Processing batch of 10 files
2025-11-25 18:58:54,445 - Knowledge - INFO - process ingested knowledge for /Users/veera/Documents/kavia-backend/graphnode-backend-api/data/rdk7542/411/b676358/entservices-peripherals-411/FrontPanel/Module.h
2025-11-25 18:58:54,537 - Knowledge - INFO - process ingested knowledge for /Users/veera/Documents/kavia-backend/graphnode-backend-api/data/rdk7542/411/b676358/entservices-peripherals-411/CONTRIBUTING.md
2025-11-25 18:58:54,598 - Knowledge - INFO - process ingested knowledge for /Users/veera/Documents/kavia-backend/graphnode-backend-api/data/rdk7542/411/b676358/entservices-peripherals-411/build_dependencies.sh
2025-11-25 18:58:54,620 - Knowledge - INFO - process ingested knowledge for /Users/veera/Documents/kavia-backend/graphnode-backend-api/data/rdk7542/411/b676358/entservices-peripherals-411/RemoteControl/CMakeLists.txt
2025-11-25 18:58:54,646 - Knowledge - INFO - process ingested knowledge for /Users/veera/Documents/kavia-backend/graphnode-backend-api/data/rdk7542/411/b676358/entservices-peripherals-411/RemoteControl/test/CMakeLists.txt
2025-11-25 18:58:54,673 - Knowledge - INFO - process ingested knowledge for /Users/veera/Documents/kavia-backend/graphnode-backend-api/data/rdk7542/411/b676358/entservices-peripherals-411/RemoteControl/test/remoteControlTestClient.cpp
2025-11-25 18:58:54,682 - Knowledge - INFO - process ingested knowledge for /Users/veera/Documents/kavia-backend/graphnode-backend-api/data/rdk7542/411/b676358/entservices-peripherals-411/RemoteControl/test/Module.h
2025-11-25 18:58:54,787 - Knowledge - INFO - process ingested knowledge for /Users/veera/Documents/kavia-backend/graphnode-backend-api/data/rdk7542/411/b676358/entservices-peripherals-411/RemoteControl/CHANGELOG.md
2025-11-25 18:58:55,122 - Knowledge - INFO - process ingested knowledge for /Users/veera/Documents/kavia-backend/graphnode-backend-api/data/rdk7542/411/b676358/entservices-peripherals-411/RemoteControl/Module.cpp
2025-11-25 18:58:55,138 - Knowledge - INFO - process ingested knowledge for /Users/veera/Documents/kavia-backend/graphnode-backend-api/data/rdk7542/411/b676358/entservices-peripherals-411/RemoteControl/README.md
2025-11-25 18:58:56,163 - Knowledge - INFO - [LLM_CALL] Completed: SingleClientServer.h:chunk1, Duration: 5314ms, PromptTokens: 2158, CompletionTokens: 339, Cost: $0.00035
2025-11-25 18:58:56,189 - Knowledge - INFO - done ingest for /Users/veera/Documents/kavia-backend/graphnode-backend-api/data/rdk7542/411/b676358/entservices-peripherals-411/helpers/WebSockets/Roles/SingleClientServer.h
2025-11-25 18:58:56,449 - Knowledge - INFO - [LLM_CALL] Completed: services.cmake:chunk1, Duration: 5723ms, PromptTokens: 3222, CompletionTokens: 291, Cost: $0.00044
2025-11-25 18:58:56,452 - Knowledge - INFO - done ingest for /Users/veera/Documents/kavia-backend/graphnode-backend-api/data/rdk7542/411/b676358/entservices-peripherals-411/services.cmake
2025-11-25 18:58:56,952 - Knowledge - INFO - [LLM_CALL] Completed: PluginInterfaceBuilder.h:chunk1, Duration: 6169ms, PromptTokens: 3266, CompletionTokens: 373, Cost: $0.00048
2025-11-25 18:58:56,956 - Knowledge - INFO - done ingest for /Users/veera/Documents/kavia-backend/graphnode-backend-api/data/rdk7542/411/b676358/entservices-peripherals-411/helpers/PluginInterfaceBuilder.h
2025-11-25 18:58:57,607 - Knowledge - INFO - [LLM_CALL] Completed: PingPongEnabled.h:chunk1, Duration: 6750ms, PromptTokens: 3070, CompletionTokens: 552, Cost: $0.00053
2025-11-25 18:58:57,656 - Knowledge - INFO - done ingest for /Users/veera/Documents/kavia-backend/graphnode-backend-api/data/rdk7542/411/b676358/entservices-peripherals-411/helpers/WebSockets/PingPong/PingPongEnabled.h
2025-11-25 18:58:58,315 - Knowledge - INFO - [LLM_CALL] Completed: tptimer.h:chunk1, Duration: 7546ms, PromptTokens: 2280, CompletionTokens: 507, Cost: $0.00043
2025-11-25 18:58:58,316 - Knowledge - INFO - done ingest for /Users/veera/Documents/kavia-backend/graphnode-backend-api/data/rdk7542/411/b676358/entservices-peripherals-411/helpers/tptimer.h
2025-11-25 18:58:58,494 - Knowledge - INFO - [LLM_CALL] Completed: UtilsgetFileContent.h:chunk1, Duration: 7642ms, PromptTokens: 5210, CompletionTokens: 490, Cost: $0.00072
2025-11-25 18:58:58,494 - Knowledge - INFO - done ingest for /Users/veera/Documents/kavia-backend/graphnode-backend-api/data/rdk7542/411/b676358/entservices-peripherals-411/helpers/UtilsgetFileContent.h
2025-11-25 18:58:58,548 - Knowledge - INFO - [LLM_CALL] Completed: UtilsController.h:chunk1, Duration: 7703ms, PromptTokens: 4066, CompletionTokens: 541, Cost: $0.00062
2025-11-25 18:58:58,549 - Knowledge - INFO - done ingest for /Users/veera/Documents/kavia-backend/graphnode-backend-api/data/rdk7542/411/b676358/entservices-peripherals-411/helpers/UtilsController.h
2025-11-25 18:58:59,103 - Knowledge - INFO - [LLM_CALL] Completed: FrontPanel.cpp:chunk1, Duration: 8312ms, PromptTokens: 2588, CompletionTokens: 504, Cost: $0.00046
2025-11-25 18:58:59,128 - Knowledge - INFO - done ingest for /Users/veera/Documents/kavia-backend/graphnode-backend-api/data/rdk7542/411/b676358/entservices-peripherals-411/FrontPanel/FrontPanel.cpp
2025-11-25 18:58:59,149 - Knowledge - INFO - [LLM_CALL] Completed: UtilsJsonRpc.h:chunk1, Duration: 8357ms, PromptTokens: 3912, CompletionTokens: 335, Cost: $0.00053
2025-11-25 18:58:59,149 - Knowledge - INFO - done ingest for /Users/veera/Documents/kavia-backend/graphnode-backend-api/data/rdk7542/411/b676358/entservices-peripherals-411/helpers/UtilsJsonRpc.h
2025-11-25 18:58:59,427 - Knowledge - INFO - [LLM_CALL] Completed: UtilsInputValidator.h:chunk1, Duration: 8549ms, PromptTokens: 4894, CompletionTokens: 499, Cost: $0.00069
2025-11-25 18:58:59,431 - Knowledge - INFO - done ingest for /Users/veera/Documents/kavia-backend/graphnode-backend-api/data/rdk7542/411/b676358/entservices-peripherals-411/helpers/UtilsInputValidator.h
2025-11-25 18:58:59,635 - Knowledge - INFO - [LLM_CALL] Completed: UtilsSynchro.hpp:chunk1, Duration: 8840ms, PromptTokens: 2918, CompletionTokens: 534, Cost: $0.00051
2025-11-25 18:58:59,636 - Knowledge - INFO - done ingest for /Users/veera/Documents/kavia-backend/graphnode-backend-api/data/rdk7542/411/b676358/entservices-peripherals-411/helpers/UtilsSynchro.hpp
2025-11-25 18:58:59,757 - Knowledge - INFO - [LLM_CALL] Completed: LEDControl.cpp:chunk1, Duration: 8979ms, PromptTokens: 2912, CompletionTokens: 594, Cost: $0.00053
2025-11-25 18:58:59,759 - Knowledge - INFO - done ingest for /Users/veera/Documents/kavia-backend/graphnode-backend-api/data/rdk7542/411/b676358/entservices-peripherals-411/LEDControl/LEDControl.cpp
2025-11-25 18:58:59,816 - Knowledge - INFO - [WEBSOCKET] Sent: Type=progress_update, Size: 271, Duration: 0ms
2025-11-25 18:58:59,819 - Knowledge - INFO - [WEBSOCKET] Sent: Type=unknown, Size: ?, Duration: 4ms
2025-11-25 18:58:59,819 - Knowledge - INFO - Progress: 30.2% | Files: 38/126 | Rate: 3.48 files/sec | Queue: 0
2025-11-25 18:58:59,917 - Knowledge - INFO - [LLM_CALL] Completed: TlsEnabled.h:chunk1, Duration: 9122ms, PromptTokens: 4500, CompletionTokens: 620, Cost: $0.00070
2025-11-25 18:58:59,917 - Knowledge - INFO - done ingest for /Users/veera/Documents/kavia-backend/graphnode-backend-api/data/rdk7542/411/b676358/entservices-peripherals-411/helpers/WebSockets/Encryption/TlsEnabled.h
2025-11-25 18:59:00,107 - Knowledge - INFO - [LLM_CALL] Completed: UtilsSynchroIarm.hpp:chunk1, Duration: 9256ms, PromptTokens: 2536, CompletionTokens: 398, Cost: $0.00041
2025-11-25 18:59:00,114 - Knowledge - INFO - done ingest for /Users/veera/Documents/kavia-backend/graphnode-backend-api/data/rdk7542/411/b676358/entservices-peripherals-411/helpers/UtilsSynchroIarm.hpp
2025-11-25 18:59:00,180 - Knowledge - INFO - [LLM_CALL] Completed: LEDControlImplementation.cpp:chunk1, Duration: 9455ms, PromptTokens: 7138, CompletionTokens: 695, Cost: $0.00099
2025-11-25 18:59:00,181 - Knowledge - INFO - done ingest for /Users/veera/Documents/kavia-backend/graphnode-backend-api/data/rdk7542/411/b676358/entservices-peripherals-411/LEDControl/LEDControlImplementation.cpp
2025-11-25 18:59:00,474 - Knowledge - INFO - Processing batch of 10 files
2025-11-25 18:59:00,474 - Knowledge - INFO - process ingested knowledge for /Users/veera/Documents/kavia-backend/graphnode-backend-api/data/rdk7542/411/b676358/entservices-peripherals-411/helpers/WebSockets/JsonRpc/Response.h
2025-11-25 18:59:00,475 - Knowledge - INFO - process ingested knowledge for /Users/veera/Documents/kavia-backend/graphnode-backend-api/data/rdk7542/411/b676358/entservices-peripherals-411/helpers/WebSockets/JsonRpc/Notification.cpp
2025-11-25 18:59:00,515 - Knowledge - INFO - process ingested knowledge for /Users/veera/Documents/kavia-backend/graphnode-backend-api/data/rdk7542/411/b676358/entservices-peripherals-411/helpers/WebSockets/JsonRpc/Request.cpp
2025-11-25 18:59:00,547 - Knowledge - INFO - [LLM_CALL] Completed: FrontPanelImplementation.h:chunk1, Duration: 9792ms, PromptTokens: 3136, CompletionTokens: 690, Cost: $0.00059
2025-11-25 18:59:00,547 - Knowledge - INFO - done ingest for /Users/veera/Documents/kavia-backend/graphnode-backend-api/data/rdk7542/411/b676358/entservices-peripherals-411/FrontPanel/FrontPanelImplementation.h
2025-11-25 18:59:00,583 - Knowledge - INFO - process ingested knowledge for /Users/veera/Documents/kavia-backend/graphnode-backend-api/data/rdk7542/411/b676358/entservices-peripherals-411/helpers/WebSockets/JsonRpc/Response.cpp
2025-11-25 18:59:00,584 - Knowledge - INFO - process ingested knowledge for /Users/veera/Documents/kavia-backend/graphnode-backend-api/data/rdk7542/411/b676358/entservices-peripherals-411/helpers/WebSockets/JsonRpc/Request.h
2025-11-25 18:59:00,632 - Knowledge - INFO - process ingested knowledge for /Users/veera/Documents/kavia-backend/graphnode-backend-api/data/rdk7542/411/b676358/entservices-peripherals-411/helpers/WebSockets/Roles/Client.h
2025-11-25 18:59:00,639 - Knowledge - INFO - process ingested knowledge for /Users/veera/Documents/kavia-backend/graphnode-backend-api/data/rdk7542/411/b676358/entservices-peripherals-411/helpers/WebSockets/Roles/SingleClientServer.h
2025-11-25 18:59:00,642 - Knowledge - INFO - process ingested knowledge for /Users/veera/Documents/kavia-backend/graphnode-backend-api/data/rdk7542/411/b676358/entservices-peripherals-411/helpers/WebSockets/PingPong/PingPongEnabled.h
2025-11-25 18:59:00,647 - Knowledge - INFO - process ingested knowledge for /Users/veera/Documents/kavia-backend/graphnode-backend-api/data/rdk7542/411/b676358/entservices-peripherals-411/helpers/WebSockets/PingPong/PingPongDisabled.h
2025-11-25 18:59:00,668 - Knowledge - INFO - process ingested knowledge for /Users/veera/Documents/kavia-backend/graphnode-backend-api/data/rdk7542/411/b676358/entservices-peripherals-411/helpers/WebSockets/ConnectionInitializationResult.h
2025-11-25 18:59:01,312 - Knowledge - INFO - [LLM_CALL] Completed: cSettings.h:chunk1, Duration: 10434ms, PromptTokens: 3620, CompletionTokens: 543, Cost: $0.00058
2025-11-25 18:59:01,313 - Knowledge - INFO - done ingest for /Users/veera/Documents/kavia-backend/graphnode-backend-api/data/rdk7542/411/b676358/entservices-peripherals-411/helpers/cSettings.h
2025-11-25 18:59:01,587 - Knowledge - INFO - [LLM_CALL] Completed: JsonRpcInterface.h:chunk1, Duration: 10806ms, PromptTokens: 4586, CompletionTokens: 823, Cost: $0.00079
2025-11-25 18:59:01,605 - Knowledge - INFO - done ingest for /Users/veera/Documents/kavia-backend/graphnode-backend-api/data/rdk7542/411/b676358/entservices-peripherals-411/helpers/WebSockets/CommunicationInterface/JsonRpcInterface.h
2025-11-25 18:59:01,762 - Knowledge - INFO - [LLM_CALL] Completed: MotionDetection.h:chunk1, Duration: 10912ms, PromptTokens: 2546, CompletionTokens: 713, Cost: $0.00054
2025-11-25 18:59:01,780 - Knowledge - INFO - done ingest for /Users/veera/Documents/kavia-backend/graphnode-backend-api/data/rdk7542/411/b676358/entservices-peripherals-411/MotionDetection/MotionDetection.h
2025-11-25 18:59:01,880 - Knowledge - INFO - [LLM_CALL] Completed: frontpanel.cpp:chunk1, Duration: 11007ms, PromptTokens: 9824, CompletionTokens: 849, Cost: $0.00132
2025-11-25 18:59:01,882 - Knowledge - INFO - done ingest for /Users/veera/Documents/kavia-backend/graphnode-backend-api/data/rdk7542/411/b676358/entservices-peripherals-411/helpers/frontpanel.cpp
2025-11-25 18:59:01,934 - Knowledge - INFO - [LLM_CALL] Completed: VoiceControl.h:chunk1, Duration: 11246ms, PromptTokens: 2514, CompletionTokens: 919, Cost: $0.00062
2025-11-25 18:59:01,939 - Knowledge - INFO - done ingest for /Users/veera/Documents/kavia-backend/graphnode-backend-api/data/rdk7542/411/b676358/entservices-peripherals-411/VoiceControl/VoiceControl.h
2025-11-25 18:59:01,983 - Knowledge - INFO - Processing batch of 10 files
2025-11-25 18:59:01,984 - Knowledge - INFO - process ingested knowledge for /Users/veera/Documents/kavia-backend/graphnode-backend-api/data/rdk7542/411/b676358/entservices-peripherals-411/helpers/PluginInterfaceBuilder.h
2025-11-25 18:59:02,216 - Knowledge - INFO - process ingested knowledge for /Users/veera/Documents/kavia-backend/graphnode-backend-api/data/rdk7542/411/b676358/entservices-peripherals-411/helpers/UtilsSynchro.hpp
2025-11-25 18:59:02,237 - Knowledge - INFO - [LLM_CALL] Completed: UtilsString.h:chunk1, Duration: 11378ms, PromptTokens: 4432, CompletionTokens: 756, Cost: $0.00075
2025-11-25 18:59:02,242 - Knowledge - INFO - done ingest for /Users/veera/Documents/kavia-backend/graphnode-backend-api/data/rdk7542/411/b676358/entservices-peripherals-411/helpers/UtilsString.h
2025-11-25 18:59:02,331 - Knowledge - INFO - process ingested knowledge for /Users/veera/Documents/kavia-backend/graphnode-backend-api/data/rdk7542/411/b676358/entservices-peripherals-411/helpers/UtilsgetRFCConfig.h
2025-11-25 18:59:02,375 - Knowledge - INFO - [LLM_CALL] Completed: RemoteControl.h:chunk1, Duration: 11595ms, PromptTokens: 3082, CompletionTokens: 944, Cost: $0.00069
2025-11-25 18:59:02,375 - Knowledge - INFO - done ingest for /Users/veera/Documents/kavia-backend/graphnode-backend-api/data/rdk7542/411/b676358/entservices-peripherals-411/RemoteControl/RemoteControl.h
2025-11-25 18:59:02,564 - Knowledge - INFO - process ingested knowledge for /Users/veera/Documents/kavia-backend/graphnode-backend-api/data/rdk7542/411/b676358/entservices-peripherals-411/helpers/UtilssyncPersistFile.h
2025-11-25 18:59:02,617 - Knowledge - INFO - [LLM_CALL] Completed: frontpanel.h:chunk1, Duration: 11768ms, PromptTokens: 2426, CompletionTokens: 796, Cost: $0.00056
2025-11-25 18:59:02,617 - Knowledge - INFO - done ingest for /Users/veera/Documents/kavia-backend/graphnode-backend-api/data/rdk7542/411/b676358/entservices-peripherals-411/helpers/frontpanel.h
2025-11-25 18:59:02,673 - Knowledge - INFO - [LLM_CALL] Completed: RemoteControl.cpp:chunk1, Duration: 11896ms, PromptTokens: 16380, CompletionTokens: 922, Cost: $0.00201
2025-11-25 18:59:02,675 - Knowledge - INFO - done ingest for /Users/veera/Documents/kavia-backend/graphnode-backend-api/data/rdk7542/411/b676358/entservices-peripherals-411/RemoteControl/RemoteControl.cpp
2025-11-25 18:59:02,697 - Knowledge - INFO - process ingested knowledge for /Users/veera/Documents/kavia-backend/graphnode-backend-api/data/rdk7542/411/b676358/entservices-peripherals-411/helpers/UtilsController.h
2025-11-25 18:59:02,776 - Knowledge - INFO - [LLM_CALL] Completed: MotionDetection.cpp:chunk1, Duration: 11980ms, PromptTokens: 8064, CompletionTokens: 925, Cost: $0.00118
2025-11-25 18:59:02,777 - Knowledge - INFO - done ingest for /Users/veera/Documents/kavia-backend/graphnode-backend-api/data/rdk7542/411/b676358/entservices-peripherals-411/MotionDetection/MotionDetection.cpp
2025-11-25 18:59:02,879 - Knowledge - INFO - process ingested knowledge for /Users/veera/Documents/kavia-backend/graphnode-backend-api/data/rdk7542/411/b676358/entservices-peripherals-411/helpers/UtilsUnused.h
2025-11-25 18:59:02,977 - Knowledge - INFO - process ingested knowledge for /Users/veera/Documents/kavia-backend/graphnode-backend-api/data/rdk7542/411/b676358/entservices-peripherals-411/helpers/UtilsfileExists.h
2025-11-25 18:59:03,097 - Knowledge - INFO - Processing batch of 12 files
2025-11-25 18:59:03,098 - Knowledge - INFO - process ingested knowledge for /Users/veera/Documents/kavia-backend/graphnode-backend-api/data/rdk7542/411/b676358/entservices-peripherals-411/VoiceControl/README.md
2025-11-25 18:59:03,102 - Knowledge - INFO - process ingested knowledge for /Users/veera/Documents/kavia-backend/graphnode-backend-api/data/rdk7542/411/b676358/entservices-peripherals-411/helpers/UtilsFile.h
2025-11-25 18:59:03,111 - Knowledge - INFO - [WEBSOCKET] Sent: Type=progress_update, Size: 271, Duration: 0ms
2025-11-25 18:59:03,115 - Knowledge - INFO - [WEBSOCKET] Sent: Type=unknown, Size: ?, Duration: 4ms
2025-11-25 18:59:03,115 - Knowledge - INFO - Progress: 63.5% | Files: 80/126 | Rate: 5.56 files/sec | Queue: 0
2025-11-25 18:59:03,117 - Knowledge - INFO - process ingested knowledge for /Users/veera/Documents/kavia-backend/graphnode-backend-api/data/rdk7542/411/b676358/entservices-peripherals-411/VoiceControl/VoiceControl.h
2025-11-25 18:59:03,117 - Knowledge - INFO - process ingested knowledge for /Users/veera/Documents/kavia-backend/graphnode-backend-api/data/rdk7542/411/b676358/entservices-peripherals-411/helpers/UtilsSynchroIarm.hpp
2025-11-25 18:59:03,150 - Knowledge - INFO - process ingested knowledge for /Users/veera/Documents/kavia-backend/graphnode-backend-api/data/rdk7542/411/b676358/entservices-peripherals-411/cov_build.sh
2025-11-25 18:59:03,151 - Knowledge - INFO - process ingested knowledge for /Users/veera/Documents/kavia-backend/graphnode-backend-api/data/rdk7542/411/b676358/entservices-peripherals-411/VoiceControl/Module.h
2025-11-25 18:59:03,152 - Knowledge - INFO - process ingested knowledge for /Users/veera/Documents/kavia-backend/graphnode-backend-api/data/rdk7542/411/b676358/entservices-peripherals-411/CMakeLists.txt
2025-11-25 18:59:03,256 - Knowledge - INFO - Processing batch of 10 files
2025-11-25 18:59:03,259 - Knowledge - INFO - process ingested knowledge for /Users/veera/Documents/kavia-backend/graphnode-backend-api/data/rdk7542/411/b676358/entservices-peripherals-411/helpers/UtilsSearchRDKProfile.h
2025-11-25 18:59:03,319 - Knowledge - INFO - process ingested knowledge for /Users/veera/Documents/kavia-backend/graphnode-backend-api/data/rdk7542/411/b676358/entservices-peripherals-411/cmake/FindAamp.cmake
2025-11-25 18:59:03,327 - Knowledge - INFO - process ingested knowledge for /Users/veera/Documents/kavia-backend/graphnode-backend-api/data/rdk7542/411/b676358/entservices-peripherals-411/helpers/tptimer.h
2025-11-25 18:59:03,333 - Knowledge - INFO - process ingested knowledge for /Users/veera/Documents/kavia-backend/graphnode-backend-api/data/rdk7542/411/b676358/entservices-peripherals-411/cmake/FindPlabels.cmake
2025-11-25 18:59:03,360 - Knowledge - INFO - Processing batch of 10 files
2025-11-25 18:59:03,360 - Knowledge - INFO - process ingested knowledge for /Users/veera/Documents/kavia-backend/graphnode-backend-api/data/rdk7542/411/b676358/entservices-peripherals-411/Tests/L1Tests/CMakeLists.txt
2025-11-25 18:59:03,416 - Knowledge - INFO - process ingested knowledge for /Users/veera/Documents/kavia-backend/graphnode-backend-api/data/rdk7542/411/b676358/entservices-peripherals-411/helpers/UtilsThreadRAII.h
2025-11-25 18:59:03,425 - Knowledge - INFO - process ingested knowledge for /Users/veera/Documents/kavia-backend/graphnode-backend-api/data/rdk7542/411/b676358/entservices-peripherals-411/Tests/L1Tests/tests/test_MotionDetection.cpp
2025-11-25 18:59:03,428 - Knowledge - INFO - process ingested knowledge for /Users/veera/Documents/kavia-backend/graphnode-backend-api/data/rdk7542/411/b676358/entservices-peripherals-411/helpers/UtilsCStr.h
2025-11-25 18:59:03,428 - Knowledge - INFO - process ingested knowledge for /Users/veera/Documents/kavia-backend/graphnode-backend-api/data/rdk7542/411/b676358/entservices-peripherals-411/Tests/L1Tests/tests/test_UtilsFile.cpp
2025-11-25 18:59:03,428 - Knowledge - INFO - process ingested knowledge for /Users/veera/Documents/kavia-backend/graphnode-backend-api/data/rdk7542/411/b676358/entservices-peripherals-411/cmake/FindCTRLM.cmake
2025-11-25 18:59:03,475 - Knowledge - INFO - process ingested knowledge for /Users/veera/Documents/kavia-backend/graphnode-backend-api/data/rdk7542/411/b676358/entservices-peripherals-411/Tests/L1Tests/tests/test_FrontPanel.cpp
2025-11-25 18:59:03,476 - Knowledge - INFO - process ingested knowledge for /Users/veera/Documents/kavia-backend/graphnode-backend-api/data/rdk7542/411/b676358/entservices-peripherals-411/cmake/FindNopoll.cmake
2025-11-25 18:59:03,476 - Knowledge - INFO - process ingested knowledge for /Users/veera/Documents/kavia-backend/graphnode-backend-api/data/rdk7542/411/b676358/entservices-peripherals-411/helpers/WebSockets/CommunicationInterface/CommandInterface.h
2025-11-25 18:59:03,479 - Knowledge - INFO - process ingested knowledge for /Users/veera/Documents/kavia-backend/graphnode-backend-api/data/rdk7542/411/b676358/entservices-peripherals-411/cmake/FindLMPLAYER.cmake
2025-11-25 18:59:03,484 - Knowledge - INFO - process ingested knowledge for /Users/veera/Documents/kavia-backend/graphnode-backend-api/data/rdk7542/411/b676358/entservices-peripherals-411/cmake/FindCurl.cmake
2025-11-25 18:59:03,484 - Knowledge - INFO - process ingested knowledge for /Users/veera/Documents/kavia-backend/graphnode-backend-api/data/rdk7542/411/b676358/entservices-peripherals-411/MotionDetection/CMakeLists.txt
2025-11-25 18:59:03,485 - Knowledge - INFO - process ingested knowledge for /Users/veera/Documents/kavia-backend/graphnode-backend-api/data/rdk7542/411/b676358/entservices-peripherals-411/cmake/FindGLIB.cmake
2025-11-25 18:59:03,485 - Knowledge - INFO - process ingested knowledge for /Users/veera/Documents/kavia-backend/graphnode-backend-api/data/rdk7542/411/b676358/entservices-peripherals-411/cmake/FindGStreamer.cmake
2025-11-25 18:59:03,532 - Knowledge - INFO - process ingested knowledge for /Users/veera/Documents/kavia-backend/graphnode-backend-api/data/rdk7542/411/b676358/entservices-peripherals-411/MotionDetection/CHANGELOG.md
2025-11-25 18:59:03,536 - Knowledge - INFO - process ingested knowledge for /Users/veera/Documents/kavia-backend/graphnode-backend-api/data/rdk7542/411/b676358/entservices-peripherals-411/MotionDetection/Module.cpp
2025-11-25 18:59:03,539 - Knowledge - INFO - process ingested knowledge for /Users/veera/Documents/kavia-backend/graphnode-backend-api/data/rdk7542/411/b676358/entservices-peripherals-411/MotionDetection/README.md
2025-11-25 18:59:03,539 - Knowledge - INFO - process ingested knowledge for /Users/veera/Documents/kavia-backend/graphnode-backend-api/data/rdk7542/411/b676358/entservices-peripherals-411/helpers/WebSockets/CommunicationInterface/JsonRpcInterface.h
2025-11-25 18:59:03,546 - Knowledge - INFO - Processing batch of 10 files
2025-11-25 18:59:03,546 - Knowledge - INFO - process ingested knowledge for /Users/veera/Documents/kavia-backend/graphnode-backend-api/data/rdk7542/411/b676358/entservices-peripherals-411/RemoteControl/RemoteControl.cpp
2025-11-25 18:59:03,566 - Knowledge - INFO - process ingested knowledge for /Users/veera/Documents/kavia-backend/graphnode-backend-api/data/rdk7542/411/b676358/entservices-peripherals-411/RemoteControl/Module.h
2025-11-25 18:59:03,604 - Knowledge - INFO - process ingested knowledge for /Users/veera/Documents/kavia-backend/graphnode-backend-api/data/rdk7542/411/b676358/entservices-peripherals-411/MotionDetection/MotionDetection.cpp
2025-11-25 18:59:03,605 - Knowledge - INFO - [LLM_CALL] Completed: FrontPanelImplementation.cpp:chunk1, Duration: 12825ms, PromptTokens: 8118, CompletionTokens: 1110, Cost: $0.00126
2025-11-25 18:59:03,605 - Knowledge - INFO - done ingest for /Users/veera/Documents/kavia-backend/graphnode-backend-api/data/rdk7542/411/b676358/entservices-peripherals-411/FrontPanel/FrontPanelImplementation.cpp
2025-11-25 18:59:03,605 - Knowledge - INFO - process ingested knowledge for /Users/veera/Documents/kavia-backend/graphnode-backend-api/data/rdk7542/411/b676358/entservices-peripherals-411/RemoteControl/RemoteControl.h
2025-11-25 18:59:03,641 - Knowledge - INFO - process ingested knowledge for /Users/veera/Documents/kavia-backend/graphnode-backend-api/data/rdk7542/411/b676358/entservices-peripherals-411/helpers/WebSockets/CommunicationInterface/BinaryInterface.h
2025-11-25 18:59:03,644 - Knowledge - INFO - process ingested knowledge for /Users/veera/Documents/kavia-backend/graphnode-backend-api/data/rdk7542/411/b676358/entservices-peripherals-411/helpers/UtilsJsonRpc.h
2025-11-25 18:59:03,644 - Knowledge - INFO - process ingested knowledge for /Users/veera/Documents/kavia-backend/graphnode-backend-api/data/rdk7542/411/b676358/entservices-peripherals-411/MotionDetection/MotionDetection.h
2025-11-25 18:59:03,644 - Knowledge - INFO - process ingested knowledge for /Users/veera/Documents/kavia-backend/graphnode-backend-api/data/rdk7542/411/b676358/entservices-peripherals-411/helpers/WebSockets/Encryption/NoEncryption.h
2025-11-25 18:59:03,667 - Knowledge - INFO - process ingested knowledge for /Users/veera/Documents/kavia-backend/graphnode-backend-api/data/rdk7542/411/b676358/entservices-peripherals-411/helpers/WebSockets/Encryption/TlsEnabled.h
2025-11-25 18:59:03,760 - Knowledge - INFO - [LLM_CALL] Completed: VoiceControl.cpp:chunk1, Duration: 12977ms, PromptTokens: 13928, CompletionTokens: 1079, Cost: $0.00182
2025-11-25 18:59:03,761 - Knowledge - INFO - process ingested knowledge for /Users/veera/Documents/kavia-backend/graphnode-backend-api/data/rdk7542/411/b676358/entservices-peripherals-411/helpers/WebSockets/JsonRpc/Notification.h
2025-11-25 18:59:03,761 - Knowledge - INFO - done ingest for /Users/veera/Documents/kavia-backend/graphnode-backend-api/data/rdk7542/411/b676358/entservices-peripherals-411/VoiceControl/VoiceControl.cpp
2025-11-25 18:59:03,924 - Knowledge - INFO - process ingested knowledge for /Users/veera/Documents/kavia-backend/graphnode-backend-api/data/rdk7542/411/b676358/entservices-peripherals-411/helpers/frontpanel.h
2025-11-25 18:59:04,221 - Knowledge - INFO - process ingested knowledge for /Users/veera/Documents/kavia-backend/graphnode-backend-api/data/rdk7542/411/b676358/entservices-peripherals-411/helpers/PowerManagerInterface.h
2025-11-25 18:59:04,509 - Knowledge - INFO - process ingested knowledge for /Users/veera/Documents/kavia-backend/graphnode-backend-api/data/rdk7542/411/b676358/entservices-peripherals-411/helpers/UtilsBIT.h
2025-11-25 18:59:04,514 - Knowledge - INFO - process ingested knowledge for /Users/veera/Documents/kavia-backend/graphnode-backend-api/data/rdk7542/411/b676358/entservices-peripherals-411/helpers/UtilsString.h
2025-11-25 18:59:04,669 - Knowledge - INFO - process ingested knowledge for /Users/veera/Documents/kavia-backend/graphnode-backend-api/data/rdk7542/411/b676358/entservices-peripherals-411/helpers/cSettings.h
2025-11-25 18:59:04,831 - Knowledge - INFO - process ingested knowledge for /Users/veera/Documents/kavia-backend/graphnode-backend-api/data/rdk7542/411/b676358/entservices-peripherals-411/helpers/UtilsProcess.h
2025-11-25 18:59:05,280 - Knowledge - INFO - Processing batch of 12 files
2025-11-25 18:59:05,281 - Knowledge - INFO - process ingested knowledge for /Users/veera/Documents/kavia-backend/graphnode-backend-api/data/rdk7542/411/b676358/entservices-peripherals-411/LEDControl/LEDControlImplementation.h
2025-11-25 18:59:05,413 - Knowledge - INFO - process ingested knowledge for /Users/veera/Documents/kavia-backend/graphnode-backend-api/data/rdk7542/411/b676358/entservices-peripherals-411/LEDControl/CMakeLists.txt
2025-11-25 18:59:05,502 - Knowledge - INFO - [LLM_CALL] Completed: WSEndpoint.cpp:chunk1, Duration: 14705ms, PromptTokens: 5228, CompletionTokens: 1132, Cost: $0.00098
2025-11-25 18:59:05,502 - Knowledge - INFO - done ingest for /Users/veera/Documents/kavia-backend/graphnode-backend-api/data/rdk7542/411/b676358/entservices-peripherals-411/helpers/WebSockets/WSEndpoint.cpp
2025-11-25 18:59:05,505 - Knowledge - INFO - process ingested knowledge for /Users/veera/Documents/kavia-backend/graphnode-backend-api/data/rdk7542/411/b676358/entservices-peripherals-411/LEDControl/CHANGELOG.md
2025-11-25 18:59:05,531 - Knowledge - INFO - process ingested knowledge for /Users/veera/Documents/kavia-backend/graphnode-backend-api/data/rdk7542/411/b676358/entservices-peripherals-411/LEDControl/Module.cpp
2025-11-25 18:59:05,534 - Knowledge - INFO - process ingested knowledge for /Users/veera/Documents/kavia-backend/graphnode-backend-api/data/rdk7542/411/b676358/entservices-peripherals-411/LEDControl/LEDControlImplementation.cpp
2025-11-25 18:59:05,540 - Knowledge - INFO - process ingested knowledge for /Users/veera/Documents/kavia-backend/graphnode-backend-api/data/rdk7542/411/b676358/entservices-peripherals-411/LEDControl/LEDControl.h
2025-11-25 18:59:05,541 - Knowledge - INFO - process ingested knowledge for /Users/veera/Documents/kavia-backend/graphnode-backend-api/data/rdk7542/411/b676358/entservices-peripherals-411/LEDControl/LEDControl.cpp
2025-11-25 18:59:05,569 - Knowledge - INFO - process ingested knowledge for /Users/veera/Documents/kavia-backend/graphnode-backend-api/data/rdk7542/411/b676358/entservices-peripherals-411/LEDControl/Module.h
2025-11-25 18:59:05,570 - Knowledge - INFO - process ingested knowledge for /Users/veera/Documents/kavia-backend/graphnode-backend-api/data/rdk7542/411/b676358/entservices-peripherals-411/VoiceControl/CMakeLists.txt
2025-11-25 18:59:05,573 - Knowledge - INFO - process ingested knowledge for /Users/veera/Documents/kavia-backend/graphnode-backend-api/data/rdk7542/411/b676358/entservices-peripherals-411/VoiceControl/CHANGELOG.md
2025-11-25 18:59:05,574 - Knowledge - INFO - process ingested knowledge for /Users/veera/Documents/kavia-backend/graphnode-backend-api/data/rdk7542/411/b676358/entservices-peripherals-411/VoiceControl/Module.cpp
2025-11-25 18:59:05,583 - Knowledge - INFO - Processing batch of 10 files
2025-11-25 18:59:05,583 - Knowledge - INFO - process ingested knowledge for /Users/veera/Documents/kavia-backend/graphnode-backend-api/data/rdk7542/411/b676358/entservices-peripherals-411/MotionDetection/Module.h
2025-11-25 18:59:05,620 - Knowledge - INFO - process ingested knowledge for /Users/veera/Documents/kavia-backend/graphnode-backend-api/data/rdk7542/411/b676358/entservices-peripherals-411/README.md
2025-11-25 18:59:05,620 - Knowledge - INFO - process ingested knowledge for /Users/veera/Documents/kavia-backend/graphnode-backend-api/data/rdk7542/411/b676358/entservices-peripherals-411/VoiceControl/VoiceControl.cpp
2025-11-25 18:59:05,626 - Knowledge - INFO - process ingested knowledge for /Users/veera/Documents/kavia-backend/graphnode-backend-api/data/rdk7542/411/b676358/entservices-peripherals-411/services.cmake
2025-11-25 18:59:05,714 - Knowledge - INFO - process ingested knowledge for /Users/veera/Documents/kavia-backend/graphnode-backend-api/data/rdk7542/411/b676358/entservices-peripherals-411/FrontPanel/FrontPanelImplementation.h
2025-11-25 18:59:05,832 - Knowledge - INFO - process ingested knowledge for /Users/veera/Documents/kavia-backend/graphnode-backend-api/data/rdk7542/411/b676358/entservices-peripherals-411/FrontPanel/FrontPanel.h
2025-11-25 18:59:05,854 - Knowledge - INFO - process ingested knowledge for /Users/veera/Documents/kavia-backend/graphnode-backend-api/data/rdk7542/411/b676358/entservices-peripherals-411/FrontPanel/CMakeLists.txt
2025-11-25 18:59:05,879 - Knowledge - INFO - process ingested knowledge for /Users/veera/Documents/kavia-backend/graphnode-backend-api/data/rdk7542/411/b676358/entservices-peripherals-411/FrontPanel/CHANGELOG.md
2025-11-25 18:59:05,880 - Knowledge - INFO - process ingested knowledge for /Users/veera/Documents/kavia-backend/graphnode-backend-api/data/rdk7542/411/b676358/entservices-peripherals-411/FrontPanel/Module.cpp
2025-11-25 18:59:05,881 - Knowledge - INFO - process ingested knowledge for /Users/veera/Documents/kavia-backend/graphnode-backend-api/data/rdk7542/411/b676358/entservices-peripherals-411/FrontPanel/FrontPanelImplementation.cpp
2025-11-25 18:59:05,882 - Knowledge - INFO - process ingested knowledge for /Users/veera/Documents/kavia-backend/graphnode-backend-api/data/rdk7542/411/b676358/entservices-peripherals-411/FrontPanel/FrontPanel.cpp
2025-11-25 18:59:06,302 - Knowledge - INFO - Processing batch of 10 files
2025-11-25 18:59:06,302 - Knowledge - INFO - process ingested knowledge for /Users/veera/Documents/kavia-backend/graphnode-backend-api/data/rdk7542/411/b676358/entservices-peripherals-411/helpers/WebSockets/WSEndpoint.h
2025-11-25 18:59:06,388 - Knowledge - INFO - process ingested knowledge for /Users/veera/Documents/kavia-backend/graphnode-backend-api/data/rdk7542/411/b676358/entservices-peripherals-411/helpers/WebSockets/WSEndpoint.cpp
2025-11-25 18:59:06,481 - Knowledge - INFO - process ingested knowledge for /Users/veera/Documents/kavia-backend/graphnode-backend-api/data/rdk7542/411/b676358/entservices-peripherals-411/helpers/UtilsisValidInt.h
2025-11-25 18:59:06,573 - Knowledge - INFO - process ingested knowledge for /Users/veera/Documents/kavia-backend/graphnode-backend-api/data/rdk7542/411/b676358/entservices-peripherals-411/helpers/UtilsTelemetry.h
2025-11-25 18:59:06,597 - Knowledge - INFO - [WEBSOCKET] Sent: Type=progress_update, Size: 272, Duration: 0ms
2025-11-25 18:59:06,598 - Knowledge - INFO - [WEBSOCKET] Sent: Type=unknown, Size: ?, Duration: 1ms
2025-11-25 18:59:06,598 - Knowledge - INFO - Progress: 100.0% | Files: 126/126 | Rate: 7.06 files/sec | Queue: 0
2025-11-25 18:59:06,598 - Knowledge - INFO - process ingested knowledge for /Users/veera/Documents/kavia-backend/graphnode-backend-api/data/rdk7542/411/b676358/entservices-peripherals-411/helpers/UtilsgetFileContent.h
2025-11-25 18:59:06,599 - Knowledge - INFO - process ingested knowledge for /Users/veera/Documents/kavia-backend/graphnode-backend-api/data/rdk7542/411/b676358/entservices-peripherals-411/helpers/UtilsLogging.h
2025-11-25 18:59:06,600 - Knowledge - INFO - process ingested knowledge for /Users/veera/Documents/kavia-backend/graphnode-backend-api/data/rdk7542/411/b676358/entservices-peripherals-411/helpers/UtilsIarm.h
2025-11-25 18:59:06,600 - Knowledge - INFO - process ingested knowledge for /Users/veera/Documents/kavia-backend/graphnode-backend-api/data/rdk7542/411/b676358/entservices-peripherals-411/helpers/UtilsLOG_MILESTONE.h
2025-11-25 18:59:06,600 - Knowledge - INFO - process ingested knowledge for /Users/veera/Documents/kavia-backend/graphnode-backend-api/data/rdk7542/411/b676358/entservices-peripherals-411/helpers/frontpanel.cpp
2025-11-25 18:59:06,601 - Knowledge - INFO - process ingested knowledge for /Users/veera/Documents/kavia-backend/graphnode-backend-api/data/rdk7542/411/b676358/entservices-peripherals-411/helpers/UtilsInputValidator.h
2025-11-25 18:59:07,045 - Knowledge - INFO - Knowledge creation complete
2025-11-25 18:59:07,046 - Knowledge - INFO - ==================================================
2025-11-25 18:59:07,046 - Knowledge - INFO - KNOWLEDGE GRAPH GENERATION PERFORMANCE SUMMARY
2025-11-25 18:59:07,046 - Knowledge - INFO - ==================================================
2025-11-25 18:59:07,046 - Knowledge - INFO - Total processing time: 18.28 seconds (0.30 minutes)
2025-11-25 18:59:07,046 - Knowledge - INFO - Files processed: 0
2025-11-25 18:59:07,046 - Knowledge - INFO - Processing rate: 0.00 files/second
2025-11-25 18:59:07,046 - Knowledge - INFO - 
[TIME_BREAKDOWN]
2025-11-25 18:59:07,046 - Knowledge - INFO - File Reading: 0.00s (0.0%)
2025-11-25 18:59:07,046 - Knowledge - INFO - LLM Processing: 287.85s (1574.8%)
2025-11-25 18:59:07,046 - Knowledge - INFO - MongoDB Operations: 0.00s (0.0%)
2025-11-25 18:59:07,046 - Knowledge - INFO - Redis Operations: 0.00s (0.0%)
2025-11-25 18:59:07,046 - Knowledge - INFO - WebSocket Communication: 0.01s (0.1%)
2025-11-25 18:59:07,046 - Knowledge - INFO - 
[LLM_STATS]
2025-11-25 18:59:07,046 - Knowledge - INFO - Total LLM calls: 32
2025-11-25 18:59:07,046 - Knowledge - INFO - Average LLM response time: 8995ms
2025-11-25 18:59:07,046 - Knowledge - INFO - Average prompt tokens: 4772.1
2025-11-25 18:59:07,046 - Knowledge - INFO - Average completion tokens: 614.1
2025-11-25 18:59:07,046 - Knowledge - INFO - Total prompt tokens: 152706
2025-11-25 18:59:07,046 - Knowledge - INFO - Total completion tokens: 19650
2025-11-25 18:59:07,046 - Knowledge - INFO - Total LLM cost: $0.0231
2025-11-25 18:59:07,046 - Knowledge - INFO - 
[DATABASE_STATS]
2025-11-25 18:59:07,046 - Knowledge - INFO - MongoDB operations: 0
2025-11-25 18:59:07,046 - Knowledge - INFO - Redis operations: 0
2025-11-25 18:59:07,046 - Knowledge - INFO - 
[COMMUNICATION_STATS]
2025-11-25 18:59:07,047 - Knowledge - INFO - WebSocket messages sent: 8
2025-11-25 18:59:07,047 - Knowledge - INFO - Average message size: 135.6 bytes
2025-11-25 18:59:07,047 - Knowledge - INFO - 
[WORKER_STATS]
2025-11-25 18:59:07,047 - Knowledge - INFO - 
[FILE_TYPE_STATS]
2025-11-25 18:59:07,047 - Knowledge - INFO - 
[SLOWEST_FILES]
2025-11-25 18:59:07,047 - Knowledge - INFO - ==================================================
2025-11-25 18:59:07,047 - Knowledge - INFO - ==================================================
2025-11-25 18:59:07,047 - Knowledge - INFO - KNOWLEDGE GRAPH GENERATION PERFORMANCE SUMMARY
2025-11-25 18:59:07,047 - Knowledge - INFO - ==================================================
2025-11-25 18:59:07,048 - Knowledge - INFO - Total processing time: 18.32 seconds (0.31 minutes)
2025-11-25 18:59:07,048 - Knowledge - INFO - Files processed: 126 of 126
2025-11-25 18:59:07,048 - Knowledge - INFO - Processing rate: 6.88 files/second
2025-11-25 18:59:07,048 - Knowledge - INFO - WebSocket messages sent: 4
2025-11-25 18:59:07,048 - Knowledge - INFO - MongoDB operations: 126
2025-11-25 18:59:07,048 - Knowledge - INFO - Average MongoDB ops per file: 1.00
2025-11-25 18:59:07,048 - Knowledge - INFO - LLM costs: $0.0231
2025-11-25 18:59:07,048 - Knowledge - INFO - Prompt tokens: 152706
2025-11-25 18:59:07,048 - Knowledge - INFO - Completion tokens: 19650
2025-11-25 18:59:07,048 - Knowledge - INFO - Updating org costs, total cost: 0.0231306
2025-11-25 18:59:12,342 - Knowledge - INFO - [WEBSOCKET] Sent: Type=progress_update, Size: 268, Duration: 0ms
2025-11-25 18:59:12,343 - Knowledge - INFO - 💾 SAVING TO REDIS - Prefix: knowledge:b676358:
2025-11-25 18:59:12,343 - Knowledge - INFO - 💾 Files to save: source_files=126, file_info=126, docs=0, code_bases=1
2025-11-25 18:59:12,343 - Knowledge - INFO - 💾 Source files list: ['/Users/veera/Documents/kavia-backend/graphnode-backend-api/data/rdk7542/411/b676358/entservices-peripherals-411/cmake/FindCEC.cmake', '/Users/veera/Documents/kavia-backend/graphnode-backend-api/data/rdk7542/411/b676358/entservices-peripherals-411/cmake/FindAC.cmake', '/Users/veera/Documents/kavia-backend/graphnode-backend-api/data/rdk7542/411/b676358/entservices-peripherals-411/cmake/FindLibSoup.cmake', '/Users/veera/Documents/kavia-backend/graphnode-backend-api/data/rdk7542/411/b676358/entservices-peripherals-411/cmake/FindNXCLIENT.cmake', '/Users/veera/Documents/kavia-backend/graphnode-backend-api/data/rdk7542/411/b676358/entservices-peripherals-411/CHANGELOG.md']...
2025-11-25 18:59:12,343 - Knowledge - INFO - 💾 Code bases: ['https://github.com/kavia-common/entservices-peripherals-411.git:kavia-main']
2025-11-25 18:59:12,360 - Knowledge - INFO - ✅ Knowledge saved to Redis successfully - Prefix: knowledge:b676358:, Files: 126
2025-11-25 18:59:14,388 - Knowledge - INFO - 🔍 GETTING FROM REDIS - Requested IDs: ['b030242', 'b05560j', 'b1215hz', 'b2081l5', 'b4047m7', 'b4400ds', 'b6041yk', 'b676358']
2025-11-25 18:59:14,389 - Knowledge - INFO - 🔍 GETTING FROM REDIS - ID: b030242, Prefix: knowledge:b030242:
2025-11-25 18:59:14,391 - Knowledge - INFO - 🔍 FOUND source_files: 254 files
2025-11-25 18:59:14,392 - Knowledge - INFO - 🔍 FOUND source_code_bases: ['https://github.com/kavia-common/entservices-deviceanddisplay-411.git:kavia-main']
2025-11-25 18:59:14,422 - Knowledge - INFO - 🔍 GETTING FROM REDIS - ID: b05560j, Prefix: knowledge:b05560j:
2025-11-25 18:59:14,423 - Knowledge - INFO - 🔍 FOUND source_files: 85 files
2025-11-25 18:59:14,423 - Knowledge - INFO - 🔍 FOUND source_code_bases: ['https://github.com/kavia-common/entservices-connectivity-411.git:kavia-main']
2025-11-25 18:59:14,433 - Knowledge - INFO - 🔍 GETTING FROM REDIS - ID: b1215hz, Prefix: knowledge:b1215hz:
2025-11-25 18:59:14,436 - Knowledge - INFO - 🔍 GETTING FROM REDIS - ID: b2081l5, Prefix: knowledge:b2081l5:
2025-11-25 18:59:14,437 - Knowledge - INFO - 🔍 FOUND source_files: 471 files
2025-11-25 18:59:14,437 - Knowledge - INFO - 🔍 FOUND source_code_bases: ['https://github.com/kavia-common/entservices-infra-411.git:kavia-main']
2025-11-25 18:59:14,460 - Knowledge - INFO - 🔍 GETTING FROM REDIS - ID: b4047m7, Prefix: knowledge:b4047m7:
2025-11-25 18:59:14,460 - Knowledge - INFO - 🔍 FOUND source_files: 153 files
2025-11-25 18:59:14,460 - Knowledge - INFO - 🔍 FOUND source_code_bases: ['https://github.com/kavia-common/entservices-runtime-411.git:kavia-main']
2025-11-25 18:59:14,469 - Knowledge - INFO - 🔍 GETTING FROM REDIS - ID: b4400ds, Prefix: knowledge:b4400ds:
2025-11-25 18:59:14,470 - Knowledge - INFO - 🔍 FOUND source_files: 114 files
2025-11-25 18:59:14,470 - Knowledge - INFO - 🔍 FOUND source_code_bases: ['https://github.com/kavia-common/entservices-softwareupdate-411.git:kavia-main']
2025-11-25 18:59:14,478 - Knowledge - INFO - 🔍 GETTING FROM REDIS - ID: b6041yk, Prefix: knowledge:b6041yk:
2025-11-25 18:59:14,478 - Knowledge - INFO - 🔍 FOUND source_files: 225 files
2025-11-25 18:59:14,478 - Knowledge - INFO - 🔍 FOUND source_code_bases: ['https://github.com/kavia-common/entservices-mediaanddrm-411.git:kavia-main']
2025-11-25 18:59:14,491 - Knowledge - INFO - 🔍 GETTING FROM REDIS - ID: b676358, Prefix: knowledge:b676358:
2025-11-25 18:59:14,491 - Knowledge - INFO - 🔍 FOUND source_files: 126 files
2025-11-25 18:59:14,492 - Knowledge - INFO - 🔍 FOUND source_code_bases: ['https://github.com/kavia-common/entservices-peripherals-411.git:kavia-main']
2025-11-25 18:59:14,500 - Knowledge - INFO - ✅ RETRIEVED FROM REDIS - source_files: 1428, file_info: 1433, code_bases: ['https://github.com/kavia-common/entservices-deviceanddisplay-411.git:kavia-main', 'https://github.com/kavia-common/entservices-connectivity-411.git:kavia-main', 'https://github.com/kavia-common/entservices-infra-411.git:kavia-main', 'https://github.com/kavia-common/entservices-runtime-411.git:kavia-main', 'https://github.com/kavia-common/entservices-softwareupdate-411.git:kavia-main', 'https://github.com/kavia-common/entservices-mediaanddrm-411.git:kavia-main', 'https://github.com/kavia-common/entservices-peripherals-411.git:kavia-main']
2025-11-25 18:59:14,501 - Knowledge - INFO - 🔍 GETTING FROM REDIS - Requested IDs: ['Pjehpw', 'b030242', 'b05560j', 'b1215hz', 'b2081l5', 'b4047m7', 'b4400ds', 'b6041yk', 'b676358']
2025-11-25 18:59:14,501 - Knowledge - INFO - 🔍 GETTING FROM REDIS - ID: Pjehpw, Prefix: knowledge:Pjehpw:
2025-11-25 18:59:14,504 - Knowledge - INFO - 🔍 GETTING FROM REDIS - ID: b030242, Prefix: knowledge:b030242:
2025-11-25 18:59:14,505 - Knowledge - INFO - 🔍 FOUND source_files: 254 files
2025-11-25 18:59:14,505 - Knowledge - INFO - 🔍 FOUND source_code_bases: ['https://github.com/kavia-common/entservices-deviceanddisplay-411.git:kavia-main']
2025-11-25 18:59:14,519 - Knowledge - INFO - 🔍 GETTING FROM REDIS - ID: b05560j, Prefix: knowledge:b05560j:
2025-11-25 18:59:14,519 - Knowledge - INFO - 🔍 FOUND source_files: 85 files
2025-11-25 18:59:14,519 - Knowledge - INFO - 🔍 FOUND source_code_bases: ['https://github.com/kavia-common/entservices-connectivity-411.git:kavia-main']
2025-11-25 18:59:14,526 - Knowledge - INFO - 🔍 GETTING FROM REDIS - ID: b1215hz, Prefix: knowledge:b1215hz:
2025-11-25 18:59:14,530 - Knowledge - INFO - 🔍 GETTING FROM REDIS - ID: b2081l5, Prefix: knowledge:b2081l5:
2025-11-25 18:59:14,530 - Knowledge - INFO - 🔍 FOUND source_files: 471 files
2025-11-25 18:59:14,530 - Knowledge - INFO - 🔍 FOUND source_code_bases: ['https://github.com/kavia-common/entservices-infra-411.git:kavia-main']
2025-11-25 18:59:14,553 - Knowledge - INFO - 🔍 GETTING FROM REDIS - ID: b4047m7, Prefix: knowledge:b4047m7:
2025-11-25 18:59:14,554 - Knowledge - INFO - 🔍 FOUND source_files: 153 files
2025-11-25 18:59:14,554 - Knowledge - INFO - 🔍 FOUND source_code_bases: ['https://github.com/kavia-common/entservices-runtime-411.git:kavia-main']
2025-11-25 18:59:14,563 - Knowledge - INFO - 🔍 GETTING FROM REDIS - ID: b4400ds, Prefix: knowledge:b4400ds:
2025-11-25 18:59:14,563 - Knowledge - INFO - 🔍 FOUND source_files: 114 files
2025-11-25 18:59:14,564 - Knowledge - INFO - 🔍 FOUND source_code_bases: ['https://github.com/kavia-common/entservices-softwareupdate-411.git:kavia-main']
2025-11-25 18:59:14,572 - Knowledge - INFO - 🔍 GETTING FROM REDIS - ID: b6041yk, Prefix: knowledge:b6041yk:
2025-11-25 18:59:14,572 - Knowledge - INFO - 🔍 FOUND source_files: 225 files
2025-11-25 18:59:14,572 - Knowledge - INFO - 🔍 FOUND source_code_bases: ['https://github.com/kavia-common/entservices-mediaanddrm-411.git:kavia-main']
2025-11-25 18:59:14,585 - Knowledge - INFO - 🔍 GETTING FROM REDIS - ID: b676358, Prefix: knowledge:b676358:
2025-11-25 18:59:14,585 - Knowledge - INFO - 🔍 FOUND source_files: 126 files
2025-11-25 18:59:14,585 - Knowledge - INFO - 🔍 FOUND source_code_bases: ['https://github.com/kavia-common/entservices-peripherals-411.git:kavia-main']
2025-11-25 18:59:14,594 - Knowledge - INFO - ✅ RETRIEVED FROM REDIS - source_files: 1428, file_info: 1433, code_bases: ['https://github.com/kavia-common/entservices-deviceanddisplay-411.git:kavia-main', 'https://github.com/kavia-common/entservices-connectivity-411.git:kavia-main', 'https://github.com/kavia-common/entservices-infra-411.git:kavia-main', 'https://github.com/kavia-common/entservices-runtime-411.git:kavia-main', 'https://github.com/kavia-common/entservices-softwareupdate-411.git:kavia-main', 'https://github.com/kavia-common/entservices-mediaanddrm-411.git:kavia-main', 'https://github.com/kavia-common/entservices-peripherals-411.git:kavia-main']
